frame id	detection id	hamming distance	distance	x	y	z	yaw	pitch	roll
0	100	0	4.32381	4.23441	0.718217	0.499256	0.0243606	0.100792	0.0827502
2222	2222	2222	2222	2222	2222	2222	2222	2222	2222
1	100	0	4.31289	4.22357	0.716745	0.498798	0.102422	-0.426934	0.185897
2222	2222	2222	2222	2222	2222	2222	2222	2222	2222
2	100	0	4.31367	4.22397	0.718516	0.499521	0.0276431	0.101766	0.134771
2222	2222	2222	2222	2222	2222	2222	2222	2222	2222
3	100	0	4.30867	4.21881	0.718405	0.500188	0.0280899	0.094373	0.160706
2222	2222	2222	2222	2222	2222	2222	2222	2222	2222
4	100	0	4.30234	4.2124	0.717802	0.50055	0.033579	0.0962585	0.165099
2222	2222	2222	2222	2222	2222	2222	2222	2222	2222
5	100	0	4.30372	4.21357	0.718325	0.501896	0.0344712	0.0886175	0.167875
2222	2222	2222	2222	2222	2222	2222	2222	2222	2222
6	100	0	4.30972	4.21931	0.719504	0.503388	0.0337402	0.0750487	0.184985
2222	2222	2222	2222	2222	2222	2222	2222	2222	2222
7	100	0	4.30845	4.21794	0.719416	0.504187	0.0379571	0.0704661	0.190142
2222	2222	2222	2222	2222	2222	2222	2222	2222	2222
8	100	0	4.30647	4.21596	0.719187	0.504097	0.0392216	0.0631807	0.21983
2222	2222	2222	2222	2222	2222	2222	2222	2222	2222
9	100	0	4.29314	4.20284	0.717471	0.502422	0.0392328	0.0799513	0.250694
2222	2222	2222	2222	2222	2222	2222	2222	2222	2222
10	100	0	4.28387	4.19365	0.716803	0.500977	0.0405381	0.0847465	0.284984
2222	2222	2222	2222	2222	2222	2222	2222	2222	2222
11	100	0	4.28427	4.19386	0.718256	0.500606	0.0390404	0.0930196	0.311687
2222	2222	2222	2222	2222	2222	2222	2222	2222	2222
12	100	0	4.29139	4.20067	0.720708	0.500918	0.0379611	0.101269	0.332734
2222	2222	2222	2222	2222	2222	2222	2222	2222	2222
13	100	0	4.29549	4.20449	0.722885	0.501007	0.038875	0.118565	0.348413
2222	2222	2222	2222	2222	2222	2222	2222	2222	2222
14	100	0	4.28796	4.19685	0.723165	0.500081	0.0367943	0.128946	0.367033
2222	2222	2222	2222	2222	2222	2222	2222	2222	2222
15	100	0	4.30094	4.20924	0.726522	0.502582	0.0263234	0.13362	0.39042
2222	2222	2222	2222	2222	2222	2222	2222	2222	2222
16	100	0	4.30277	4.21075	0.727657	0.503837	0.00747083	0.142805	0.425325
2222	2222	2222	2222	2222	2222	2222	2222	2222	2222
17	100	0	4.28474	4.19303	0.725492	0.501193	-0.000288918	0.160758	0.462269
2222	2222	2222	2222	2222	2222	2222	2222	2222	2222
18	100	0	4.3107	4.21862	0.729382	0.503326	-0.00357537	0.165827	0.474721
2222	2222	2222	2222	2222	2222	2222	2222	2222	2222
19	100	0	4.29922	4.20749	0.726648	0.502369	-0.0209819	0.189253	0.501467
2222	2222	2222	2222	2222	2222	2222	2222	2222	2222
20	100	0	4.30129	4.20961	0.72561	0.503736	-0.0322758	0.20023	0.524615
2222	2222	2222	2222	2222	2222	2222	2222	2222	2222
21	100	0	4.31375	4.22193	0.726379	0.506061	-0.0466756	0.20892	0.542477
2222	2222	2222	2222	2222	2222	2222	2222	2222	2222
22	100	0	4.29191	4.20072	0.721862	0.50335	-0.0656723	0.219836	0.581547
2222	2222	2222	2222	2222	2222	2222	2222	2222	2222
23	100	0	4.30358	4.21231	0.723791	0.503412	-0.062745	0.210677	0.608718
2222	2222	2222	2222	2222	2222	2222	2222	2222	2222
24	100	0	4.30513	4.21399	0.72436	0.501785	-0.0610797	0.211487	0.622108
2222	2222	2222	2222	2222	2222	2222	2222	2222	2222
25	100	0	4.309	4.21807	0.725196	0.499417	-0.0411856	0.202068	0.627106
2222	2222	2222	2222	2222	2222	2222	2222	2222	2222
26	100	0	4.30035	4.2098	0.724059	0.496334	-0.0382958	0.20308	0.638032
2222	2222	2222	2222	2222	2222	2222	2222	2222	2222
27	100	0	4.3155	4.22488	0.726479	0.496208	-0.0335278	0.196115	0.638248
2222	2222	2222	2222	2222	2222	2222	2222	2222	2222
28	100	0	4.31213	4.22179	0.72588	0.493983	-0.0285544	0.197747	0.631785
2222	2222	2222	2222	2222	2222	2222	2222	2222	2222
29	100	0	4.31058	4.22058	0.725321	0.491715	-0.0189187	0.199167	0.628727
2222	2222	2222	2222	2222	2222	2222	2222	2222	2222
30	100	0	4.29107	4.20176	0.721427	0.487847	-0.0139168	0.198434	0.637182
2222	2222	2222	2222	2222	2222	2222	2222	2222	2222
31	100	0	4.30384	4.21457	0.723199	0.487257	-0.00515028	0.173604	0.652449
2222	2222	2222	2222	2222	2222	2222	2222	2222	2222
32	100	0	4.28951	4.20069	0.720694	0.484488	-0.00146167	0.171625	0.659837
2222	2222	2222	2222	2222	2222	2222	2222	2222	2222
33	100	0	4.29411	4.20523	0.721393	0.484793	0.00638428	0.159665	0.660864
2222	2222	2222	2222	2222	2222	2222	2222	2222	2222
34	100	0	4.29397	4.20513	0.721041	0.48488	0.00358978	0.147379	0.65974
2222	2222	2222	2222	2222	2222	2222	2222	2222	2222
35	100	0	4.27693	4.18832	0.718293	0.483872	-0.00140644	0.154325	0.660254
2222	2222	2222	2222	2222	2222	2222	2222	2222	2222
36	100	0	4.2773	4.18862	0.71836	0.484486	-0.0017674	0.158749	0.648459
2222	2222	2222	2222	2222	2222	2222	2222	2222	2222
37	100	0	4.29074	4.20157	0.721324	0.486771	-0.00307281	0.167748	0.645072
2222	2222	2222	2222	2222	2222	2222	2222	2222	2222
38	100	0	4.30725	4.21759	0.724918	0.488721	-0.00263322	0.174057	0.637604
2222	2222	2222	2222	2222	2222	2222	2222	2222	2222
39	100	0	4.31284	4.22287	0.726771	0.489693	-0.0065282	0.179493	0.636551
2222	2222	2222	2222	2222	2222	2222	2222	2222	2222
40	100	0	4.29663	4.2068	0.725162	0.487811	-0.00967014	0.187864	0.642857
2222	2222	2222	2222	2222	2222	2222	2222	2222	2222
41	100	0	4.31984	4.22945	0.730193	0.489455	0.00648365	0.168014	0.631997
2222	2222	2222	2222	2222	2222	2222	2222	2222	2222
42	100	0	4.31171	4.22158	0.729565	0.486681	0.020096	0.159642	0.634856
2222	2222	2222	2222	2222	2222	2222	2222	2222	2222
43	100	0	4.30353	4.2136	0.729134	0.484052	0.030778	0.146955	0.632354
2222	2222	2222	2222	2222	2222	2222	2222	2222	2222
44	100	0	4.30191	4.21201	0.729711	0.482623	0.0431354	0.136707	0.630735
2222	2222	2222	2222	2222	2222	2222	2222	2222	2222
45	100	0	4.31171	4.22164	0.731686	0.482896	0.0496753	0.13639	0.622129
2222	2222	2222	2222	2222	2222	2222	2222	2222	2222
46	100	0	4.31286	4.22273	0.732481	0.482492	0.0535395	0.132478	0.635359
2222	2222	2222	2222	2222	2222	2222	2222	2222	2222
47	100	0	4.30818	4.2181	0.732278	0.481404	0.0530248	0.134514	0.648397
2222	2222	2222	2222	2222	2222	2222	2222	2222	2222
48	100	0	4.29948	4.2095	0.731424	0.480324	0.0487579	0.136942	0.652749
2222	2222	2222	2222	2222	2222	2222	2222	2222	2222
49	100	0	4.30265	4.21258	0.732237	0.480446	0.0527018	0.131378	0.644293
2222	2222	2222	2222	2222	2222	2222	2222	2222	2222
50	100	0	4.31704	4.22653	0.735528	0.481969	0.0574111	0.124571	0.635953
2222	2222	2222	2222	2222	2222	2222	2222	2222	2222
51	100	0	4.31477	4.22416	0.736011	0.481626	0.0606419	0.119759	0.63452
2222	2222	2222	2222	2222	2222	2222	2222	2222	2222
52	100	0	4.30528	4.21469	0.735466	0.48056	0.0584155	0.123334	0.636684
2222	2222	2222	2222	2222	2222	2222	2222	2222	2222
53	100	0	4.30688	4.21616	0.736025	0.48115	0.0625057	0.121564	0.626971
2222	2222	2222	2222	2222	2222	2222	2222	2222	2222
54	100	0	4.31711	4.22592	0.738447	0.483442	0.0657475	0.11375	0.622303
2222	2222	2222	2222	2222	2222	2222	2222	2222	2222
55	100	0	4.30394	4.21275	0.736869	0.483351	0.0631597	0.114561	0.623825
2222	2222	2222	2222	2222	2222	2222	2222	2222	2222
56	100	0	4.30935	4.21778	0.738512	0.485218	0.0610716	0.114682	0.613866
2222	2222	2222	2222	2222	2222	2222	2222	2222	2222
57	100	0	4.31152	4.21959	0.739738	0.486858	0.0590348	0.121157	0.603107
2222	2222	2222	2222	2222	2222	2222	2222	2222	2222
58	100	0	4.32643	4.23372	0.74326	0.491083	0.0523795	0.103289	0.581905
2222	2222	2222	2222	2222	2222	2222	2222	2222	2222
59	100	0	4.31808	4.22504	0.742577	0.493374	0.0466332	0.105635	0.568035
2222	2222	2222	2222	2222	2222	2222	2222	2222	2222
60	100	0	4.30975	4.21625	0.742115	0.496415	0.0380056	0.1004	0.551722
2222	2222	2222	2222	2222	2222	2222	2222	2222	2222
61	100	0	4.30922	4.21507	0.742811	0.50083	0.0323291	0.0904845	0.533686
2222	2222	2222	2222	2222	2222	2222	2222	2222	2222
62	100	0	4.30731	4.21242	0.743409	0.505814	0.028901	0.0786451	0.528297
2222	2222	2222	2222	2222	2222	2222	2222	2222	2222
63	100	0	4.31788	4.22199	0.745933	0.512347	0.0283682	0.0620122	0.508659
2222	2222	2222	2222	2222	2222	2222	2222	2222	2222
64	100	0	4.30062	4.20428	0.743374	0.516488	0.0144825	0.0685041	0.507214
2222	2222	2222	2222	2222	2222	2222	2222	2222	2222
65	100	0	4.29747	4.20023	0.743401	0.52312	0.00549228	0.0636297	0.495047
2222	2222	2222	2222	2222	2222	2222	2222	2222	2222
66	100	0	4.29137	4.1932	0.742973	0.530073	-0.00535112	0.0493955	0.484967
2222	2222	2222	2222	2222	2222	2222	2222	2222	2222
67	100	0	4.29574	4.19634	0.743942	0.539112	-0.00333543	0.0367616	0.460603
2222	2222	2222	2222	2222	2222	2222	2222	2222	2222
68	100	0	4.28593	4.18569	0.741994	0.546502	-0.0120435	0.0391984	0.435311
2222	2222	2222	2222	2222	2222	2222	2222	2222	2222
69	100	0	4.26409	4.16313	0.73793	0.553454	-0.0205422	0.0469781	0.428606
2222	2222	2222	2222	2222	2222	2222	2222	2222	2222
70	100	0	4.26502	4.16297	0.737338	0.562566	-0.0199538	0.039673	0.409923
2222	2222	2222	2222	2222	2222	2222	2222	2222	2222
71	100	0	4.2685	4.165	0.737543	0.573506	-0.020462	0.0385202	0.395913
2222	2222	2222	2222	2222	2222	2222	2222	2222	2222
72	100	0	4.26259	4.15794	0.735822	0.582875	-0.0210283	0.0251814	0.399919
2222	2222	2222	2222	2222	2222	2222	2222	2222	2222
73	100	0	4.27544	4.16905	0.73721	0.595713	-0.0159458	0.00716105	0.379983
2222	2222	2222	2222	2222	2222	2222	2222	2222	2222
74	100	0	4.27216	4.16453	0.735513	0.605858	-0.0210983	0.0077068	0.369649
2222	2222	2222	2222	2222	2222	2222	2222	2222	2222
75	100	0	4.26069	4.15174	0.732668	0.616255	-0.0202415	0.00302374	0.355274
2222	2222	2222	2222	2222	2222	2222	2222	2222	2222
76	100	0	4.27178	4.16093	0.73388	0.629499	-0.0128808	-0.013088	0.327159
2222	2222	2222	2222	2222	2222	2222	2222	2222	2222
77	100	0	4.26606	4.15355	0.732319	0.641121	-0.0105568	-0.00334546	0.290685
2222	2222	2222	2222	2222	2222	2222	2222	2222	2222
78	100	0	4.2663	4.15206	0.731797	0.652879	-0.00429406	-0.0133144	0.293084
2222	2222	2222	2222	2222	2222	2222	2222	2222	2222
79	100	0	4.24715	4.13166	0.728192	0.661427	-0.00715308	0.0124521	0.260498
2222	2222	2222	2222	2222	2222	2222	2222	2222	2222
80	100	0	4.26154	4.14387	0.730313	0.675077	-0.00706416	-0.00436508	0.290011
2222	2222	2222	2222	2222	2222	2222	2222	2222	2222
81	100	0	4.24119	4.12222	0.726801	0.683231	-0.00148729	0.0113937	0.240182
2222	2222	2222	2222	2222	2222	2222	2222	2222	2222
82	100	0	4.25455	4.13348	0.729213	0.695573	0.00409974	-0.0242102	0.260571
2222	2222	2222	2222	2222	2222	2222	2222	2222	2222
83	100	0	4.24609	4.12357	0.728347	0.703536	0.00189844	-0.0215581	0.274388
2222	2222	2222	2222	2222	2222	2222	2222	2222	2222
84	100	0	4.25723	4.13272	0.731283	0.714003	0.00779911	-0.0473287	0.221592
2222	2222	2222	2222	2222	2222	2222	2222	2222	2222
85	100	0	4.26085	4.13473	0.732432	0.722819	0.00809499	-0.0460121	0.233772
2222	2222	2222	2222	2222	2222	2222	2222	2222	2222
86	100	0	4.25693	4.12958	0.732301	0.72923	0.00581695	-0.0610784	0.242922
2222	2222	2222	2222	2222	2222	2222	2222	2222	2222
87	100	0	4.26324	4.13434	0.734024	0.737308	0.00381746	-0.0630935	0.218206
2222	2222	2222	2222	2222	2222	2222	2222	2222	2222
88	100	0	4.25317	4.12348	0.733005	0.741004	0.0043661	-0.06598	0.208678
2222	2222	2222	2222	2222	2222	2222	2222	2222	2222
89	100	0	4.24778	4.11725	0.732454	0.745257	0.00775856	-0.091766	0.22143
2222	2222	2222	2222	2222	2222	2222	2222	2222	2222
90	100	0	4.23512	4.10403	0.730847	0.747683	0.0022982	-0.0698723	0.277061
2222	2222	2222	2222	2222	2222	2222	2222	2222	2222
91	100	0	4.24662	4.11422	0.733206	0.754554	0.00705116	-0.0768947	0.215935
2222	2222	2222	2222	2222	2222	2222	2222	2222	2222
92	100	0	4.2586	4.12494	0.736025	0.760832	0.00454367	-0.0832977	0.179999
2222	2222	2222	2222	2222	2222	2222	2222	2222	2222
93	100	0	4.24341	4.10926	0.733915	0.762834	0.00327884	-0.0731006	0.0978163
2222	2222	2222	2222	2222	2222	2222	2222	2222	2222
94	100	0	4.24397	4.10875	0.735053	0.7676	0.00133781	-0.0666837	0.0982941
2222	2222	2222	2222	2222	2222	2222	2222	2222	2222
95	100	0	4.2558	4.11911	0.73833	0.774339	0.000106007	-0.0757432	0.186477
2222	2222	2222	2222	2222	2222	2222	2222	2222	2222
96	100	0	4.25858	4.12072	0.739846	0.779644	0.00268266	-0.0882224	0.171085
2222	2222	2222	2222	2222	2222	2222	2222	2222	2222
97	100	0	4.25912	4.11992	0.741042	0.785655	0.00165963	-0.0793909	0.140336
2222	2222	2222	2222	2222	2222	2222	2222	2222	2222
98	100	0	4.23712	4.09722	0.738416	0.787843	-0.000837326	-0.0385896	0.11924
2222	2222	2222	2222	2222	2222	2222	2222	2222	2222
99	100	0	4.26309	4.12077	0.744576	0.799238	0.00437816	-0.0688177	0.192532
2222	2222	2222	2222	2222	2222	2222	2222	2222	2222
100	100	0	4.25262	4.10902	0.744179	0.804284	0.00720004	-0.0801746	0.103229
2222	2222	2222	2222	2222	2222	2222	2222	2222	2222
101	100	0	4.26604	4.1203	0.747732	0.81431	0.0143623	-0.0827521	0.0814516
2222	2222	2222	2222	2222	2222	2222	2222	2222	2222
102	100	0	4.26596	4.11862	0.748279	0.821892	0.0602888	-0.277762	0.280578
2222	2222	2222	2222	2222	2222	2222	2222	2222	2222
103	100	0	4.27974	4.13028	0.751618	0.83188	0.0344421	-0.18527	0.140413
2222	2222	2222	2222	2222	2222	2222	2222	2222	2222
104	100	0	4.27323	4.12228	0.751334	0.838308	0.0319195	-0.112752	0.079352
2222	2222	2222	2222	2222	2222	2222	2222	2222	2222
105	100	0	4.27166	4.11925	0.751619	0.844931	0.0363458	-0.146942	0.0770367
2222	2222	2222	2222	2222	2222	2222	2222	2222	2222
106	100	0	4.27374	4.11976	0.752111	0.85254	0.0327275	-0.125604	0.0740533
2222	2222	2222	2222	2222	2222	2222	2222	2222	2222
107	100	0	4.28284	4.12727	0.75367	0.860401	0.038427	-0.161701	0.107728
2222	2222	2222	2222	2222	2222	2222	2222	2222	2222
108	100	0	4.28007	4.12342	0.753069	0.865644	0.0378418	-0.141901	0.0941236
2222	2222	2222	2222	2222	2222	2222	2222	2222	2222
109	100	0	4.27989	4.12227	0.752909	0.870289	0.0364746	-0.123683	0.0654134
2222	2222	2222	2222	2222	2222	2222	2222	2222	2222
110	100	0	4.2857	4.12724	0.753308	0.874993	0.0463097	-0.166654	0.0770012
2222	2222	2222	2222	2222	2222	2222	2222	2222	2222
111	100	0	4.26906	4.11068	0.749992	0.874447	0.0384868	-0.090824	0.0384771
2222	2222	2222	2222	2222	2222	2222	2222	2222	2222
112	100	0	4.27015	4.11175	0.749074	0.875552	0.0743962	-0.246917	0.393821
2222	2222	2222	2222	2222	2222	2222	2222	2222	2222
113	100	0	4.27805	4.1191	0.749965	0.878753	0.0482493	-0.15543	0.0591305
2222	2222	2222	2222	2222	2222	2222	2222	2222	2222
114	100	1	4.26686	4.10893	0.745242	0.875996	0.00515979	0.0474441	0.395202
2222	2222	2222	2222	2222	2222	2222	2222	2222	2222
115	100	0	4.2747	4.11659	0.747085	0.8767	0.0705733	-0.231933	0.386738
2222	2222	2222	2222	2222	2222	2222	2222	2222	2222
116	100	0	4.28875	4.13059	0.748137	0.878548	0.0665783	-0.215494	0.360386
2222	2222	2222	2222	2222	2222	2222	2222	2222	2222
117	100	0	4.29327	4.13564	0.747877	0.877096	0.0545457	-0.193789	0.346838
2222	2222	2222	2222	2222	2222	2222	2222	2222	2222
118	100	0	4.28386	4.1272	0.745226	0.873109	0.0371886	-0.0956092	0.0556729
2222	2222	2222	2222	2222	2222	2222	2222	2222	2222
119	100	0	4.30678	4.15037	0.747881	0.87379	0.0417569	-0.144932	0.082636
2222	2222	2222	2222	2222	2222	2222	2222	2222	2222
120	100	0	4.30105	4.14586	0.74591	0.86863	0.0390347	-0.149683	0.0795345
2222	2222	2222	2222	2222	2222	2222	2222	2222	2222
121	100	0	4.30073	4.14667	0.744858	0.864037	0.0384728	-0.149602	0.0837912
2222	2222	2222	2222	2222	2222	2222	2222	2222	2222
122	100	0	4.29808	4.1453	0.743195	0.858867	0.0410061	-0.174177	0.0831639
2222	2222	2222	2222	2222	2222	2222	2222	2222	2222
123	100	1	4.2558	4.10584	0.733923	0.845703	-0.0050844	0.0330423	-0.00656995
2222	2222	2222	2222	2222	2222	2222	2222	2222	2222
124	100	1	4.26346	4.11439	0.735573	0.841331	0.0192915	-0.103427	0.0229209
2222	2222	2222	2222	2222	2222	2222	2222	2222	2222
125	100	1	4.30445	4.1554	0.741095	0.843606	0.0255914	-0.152447	0.0857247
2222	2222	2222	2222	2222	2222	2222	2222	2222	2222
126	100	0	4.31753	4.16933	0.741881	0.841012	0.0382608	-0.236898	0.0923215
2222	2222	2222	2222	2222	2222	2222	2222	2222	2222
2222	2222	2222	2222	2222	2222	2222	2222	2222	2222
2222	2222	2222	2222	2222	2222	2222	2222	2222	2222
2222	2222	2222	2222	2222	2222	2222	2222	2222	2222
2222	2222	2222	2222	2222	2222	2222	2222	2222	2222
2222	2222	2222	2222	2222	2222	2222	2222	2222	2222
132	100	1	4.27515	4.13318	0.733867	0.809396	0.0354892	-0.128934	0.0226617
2222	2222	2222	2222	2222	2222	2222	2222	2222	2222
133	100	1	4.2672	4.12591	0.732606	0.805721	0.04295	-0.127969	0.0170304
2222	2222	2222	2222	2222	2222	2222	2222	2222	2222
134	100	1	4.26583	4.12486	0.732446	0.803973	0.0473641	-0.111771	0.012096
2222	2222	2222	2222	2222	2222	2222	2222	2222	2222
135	100	1	4.26631	4.12542	0.732862	0.803293	0.0579885	-0.122151	0.0222775
2222	2222	2222	2222	2222	2222	2222	2222	2222	2222
136	100	0	4.26488	4.12399	0.733065	0.80284	0.0671934	-0.157149	0.0257007
2222	2222	2222	2222	2222	2222	2222	2222	2222	2222
137	100	0	4.2657	4.12472	0.733567	0.802992	0.074733	-0.187139	0.0278555
2222	2222	2222	2222	2222	2222	2222	2222	2222	2222
138	100	0	4.27751	4.13598	0.736485	0.805236	0.0842883	-0.205511	0.0608407
2222	2222	2222	2222	2222	2222	2222	2222	2222	2222
139	100	0	4.26477	4.12346	0.7352	0.803015	0.0903196	-0.196942	0.0498413
2222	2222	2222	2222	2222	2222	2222	2222	2222	2222
140	100	0	4.26701	4.12539	0.736742	0.803595	0.0959922	-0.211806	0.0806309
2222	2222	2222	2222	2222	2222	2222	2222	2222	2222
141	100	0	4.25989	4.11822	0.736787	0.802531	0.102274	-0.227548	0.0752025
2222	2222	2222	2222	2222	2222	2222	2222	2222	2222
142	100	0	4.25822	4.1163	0.73787	0.802573	0.10358	-0.21001	0.088978
2222	2222	2222	2222	2222	2222	2222	2222	2222	2222
143	100	0	4.25692	4.11468	0.739056	0.802845	0.0979171	-0.174097	0.0904836
2222	2222	2222	2222	2222	2222	2222	2222	2222	2222
144	100	0	4.2575	4.11494	0.740433	0.803319	0.10287	-0.206032	0.111992
2222	2222	2222	2222	2222	2222	2222	2222	2222	2222
145	100	0	4.24537	4.10287	0.739772	0.801481	0.105721	-0.238263	0.0943237
2222	2222	2222	2222	2222	2222	2222	2222	2222	2222
146	100	0	4.24765	4.1048	0.741719	0.801876	0.102095	-0.221184	0.0942857
2222	2222	2222	2222	2222	2222	2222	2222	2222	2222
147	100	0	4.25087	4.10768	0.743704	0.802368	0.0924517	-0.181508	0.0982592
2222	2222	2222	2222	2222	2222	2222	2222	2222	2222
148	100	0	4.24555	4.10224	0.744471	0.80131	0.103803	-0.2276	0.0973758
2222	2222	2222	2222	2222	2222	2222	2222	2222	2222
149	100	0	4.23714	4.0938	0.745048	0.799396	0.104199	-0.262706	0.0938464
2222	2222	2222	2222	2222	2222	2222	2222	2222	2222
150	100	0	4.2375	4.09398	0.747001	0.79855	0.0643188	-0.0661019	0.272043
2222	2222	2222	2222	2222	2222	2222	2222	2222	2222
151	100	0	4.23123	4.08771	0.747735	0.796751	0.0978961	-0.250786	0.113151
2222	2222	2222	2222	2222	2222	2222	2222	2222	2222
152	100	0	4.2308	4.08711	0.749487	0.795908	0.0532489	-0.0584056	0.287839
2222	2222	2222	2222	2222	2222	2222	2222	2222	2222
153	100	0	4.2193	4.07581	0.749113	0.793155	0.052833	-0.0430353	0.275689
2222	2222	2222	2222	2222	2222	2222	2222	2222	2222
154	100	0	4.22586	4.08202	0.751595	0.793824	0.106066	-0.272175	0.117423
2222	2222	2222	2222	2222	2222	2222	2222	2222	2222
155	100	0	4.22435	4.08038	0.753515	0.792377	0.102843	-0.251976	0.118606
2222	2222	2222	2222	2222	2222	2222	2222	2222	2222
156	100	0	4.22407	4.08001	0.755389	0.791021	0.105377	-0.258295	0.113997
2222	2222	2222	2222	2222	2222	2222	2222	2222	2222
157	100	0	4.21684	4.07291	0.755929	0.788506	0.112109	-0.283558	0.118239
2222	2222	2222	2222	2222	2222	2222	2222	2222	2222
158	100	0	4.20427	4.06062	0.755601	0.785065	0.0581736	-0.021378	0.267862
2222	2222	2222	2222	2222	2222	2222	2222	2222	2222
159	100	0	4.20882	4.06499	0.757209	0.785278	0.119712	-0.293172	0.145784
2222	2222	2222	2222	2222	2222	2222	2222	2222	2222
160	100	0	4.21148	4.06736	0.759471	0.785089	0.0757195	-0.0444263	0.261759
2222	2222	2222	2222	2222	2222	2222	2222	2222	2222
161	100	0	4.21533	4.07092	0.761454	0.785344	0.0816119	-0.0442067	0.216231
2222	2222	2222	2222	2222	2222	2222	2222	2222	2222
162	100	0	4.20716	4.06281	0.76136	0.78364	0.0771778	-0.0315737	0.269029
2222	2222	2222	2222	2222	2222	2222	2222	2222	2222
163	100	0	4.21747	4.07245	0.764382	0.786069	0.120457	-0.226605	0.142675
2222	2222	2222	2222	2222	2222	2222	2222	2222	2222
164	100	0	4.21026	4.06501	0.764465	0.785852	0.127786	-0.267217	0.11938
2222	2222	2222	2222	2222	2222	2222	2222	2222	2222
165	100	0	4.22347	4.07719	0.76806	0.790147	0.12476	-0.247804	0.100253
2222	2222	2222	2222	2222	2222	2222	2222	2222	2222
166	100	0	4.21602	4.06928	0.767986	0.791213	0.125362	-0.261341	0.106284
2222	2222	2222	2222	2222	2222	2222	2222	2222	2222
167	100	0	4.22072	4.07298	0.769823	0.795378	0.124621	-0.262218	0.110432
2222	2222	2222	2222	2222	2222	2222	2222	2222	2222
168	100	0	4.22925	4.08033	0.771814	0.801103	0.117342	-0.258452	0.114079
2222	2222	2222	2222	2222	2222	2222	2222	2222	2222
169	100	0	4.23419	4.08409	0.773488	0.806395	0.105602	-0.25055	0.0887162
2222	2222	2222	2222	2222	2222	2222	2222	2222	2222
170	100	0	4.25128	4.09958	0.776942	0.814335	0.0990691	-0.218266	0.147788
2222	2222	2222	2222	2222	2222	2222	2222	2222	2222
171	100	0	4.25113	4.09827	0.777518	0.819605	0.0898393	-0.229579	0.106211
2222	2222	2222	2222	2222	2222	2222	2222	2222	2222
172	100	0	4.25428	4.10009	0.778593	0.825809	0.0723468	-0.172892	0.0765125
2222	2222	2222	2222	2222	2222	2222	2222	2222	2222
173	100	0	4.25906	4.10369	0.779545	0.831635	0.0653137	-0.202179	0.0468609
2222	2222	2222	2222	2222	2222	2222	2222	2222	2222
174	100	1	4.27023	4.11372	0.780082	0.838847	0.00942169	0.0405949	0.0153477
2222	2222	2222	2222	2222	2222	2222	2222	2222	2222
2222	2222	2222	2222	2222	2222	2222	2222	2222	2222
2222	2222	2222	2222	2222	2222	2222	2222	2222	2222
2222	2222	2222	2222	2222	2222	2222	2222	2222	2222
2222	2222	2222	2222	2222	2222	2222	2222	2222	2222
2222	2222	2222	2222	2222	2222	2222	2222	2222	2222
2222	2222	2222	2222	2222	2222	2222	2222	2222	2222
2222	2222	2222	2222	2222	2222	2222	2222	2222	2222
2222	2222	2222	2222	2222	2222	2222	2222	2222	2222
2222	2222	2222	2222	2222	2222	2222	2222	2222	2222
2222	2222	2222	2222	2222	2222	2222	2222	2222	2222
2222	2222	2222	2222	2222	2222	2222	2222	2222	2222
2222	2222	2222	2222	2222	2222	2222	2222	2222	2222
2222	2222	2222	2222	2222	2222	2222	2222	2222	2222
2222	2222	2222	2222	2222	2222	2222	2222	2222	2222
2222	2222	2222	2222	2222	2222	2222	2222	2222	2222
2222	2222	2222	2222	2222	2222	2222	2222	2222	2222
2222	2222	2222	2222	2222	2222	2222	2222	2222	2222
2222	2222	2222	2222	2222	2222	2222	2222	2222	2222
2222	2222	2222	2222	2222	2222	2222	2222	2222	2222
194	100	0	4.33872	4.16666	0.827807	0.882144	0.0592756	-0.23027	0.310535
2222	2222	2222	2222	2222	2222	2222	2222	2222	2222
195	100	0	4.30188	4.1306	0.823914	0.874913	0.0342221	-0.109235	0.0590865
2222	2222	2222	2222	2222	2222	2222	2222	2222	2222
196	100	0	4.30733	4.13533	0.827525	0.875943	0.0377057	-0.128599	0.0680217
2222	2222	2222	2222	2222	2222	2222	2222	2222	2222
197	100	0	4.30268	4.13058	0.828253	0.874884	0.0329344	-0.103671	0.059202
2222	2222	2222	2222	2222	2222	2222	2222	2222	2222
198	100	0	4.3035	4.13121	0.829717	0.874512	0.0796723	-0.306476	0.362413
2222	2222	2222	2222	2222	2222	2222	2222	2222	2222
199	100	0	4.30607	4.13317	0.832844	0.874951	0.0703426	-0.28302	0.359308
2222	2222	2222	2222	2222	2222	2222	2222	2222	2222
200	100	0	4.32044	4.14665	0.837175	0.877849	0.080025	-0.317565	0.331694
2222	2222	2222	2222	2222	2222	2222	2222	2222	2222
201	100	0	4.29483	4.12139	0.835174	0.873015	0.0289701	-0.0862762	0.0462226
2222	2222	2222	2222	2222	2222	2222	2222	2222	2222
202	100	0	4.28331	4.11009	0.83466	0.870188	0.0818846	-0.345911	0.386161
2222	2222	2222	2222	2222	2222	2222	2222	2222	2222
203	100	0	4.29737	4.12315	0.83971	0.8729	0.068158	-0.322524	0.368283
2222	2222	2222	2222	2222	2222	2222	2222	2222	2222
204	100	0	4.28031	4.1063	0.839167	0.868996	0.0712128	-0.347229	0.384853
2222	2222	2222	2222	2222	2222	2222	2222	2222	2222
2222	2222	2222	2222	2222	2222	2222	2222	2222	2222
2222	2222	2222	2222	2222	2222	2222	2222	2222	2222
207	100	0	4.32242	4.14533	0.855994	0.875709	0.024868	-0.288368	0.328179
2222	2222	2222	2222	2222	2222	2222	2222	2222	2222
208	100	0	4.32478	4.1471	0.859217	0.875799	-0.0136335	-0.135152	0.0615714
2222	2222	2222	2222	2222	2222	2222	2222	2222	2222
209	100	0	4.32917	4.15121	0.862083	0.875241	0.0281031	-0.3113	0.341705
2222	2222	2222	2222	2222	2222	2222	2222	2222	2222
210	100	0	4.33064	4.15209	0.865137	0.875301	-0.012936	-0.128394	0.0482201
2222	2222	2222	2222	2222	2222	2222	2222	2222	2222
211	100	1	4.33197	4.15319	0.867522	0.874281	-0.0110578	-0.126172	0.0543324
2222	2222	2222	2222	2222	2222	2222	2222	2222	2222
212	100	0	4.34652	4.16709	0.872297	0.875646	0.0187337	-0.273919	0.318175
2222	2222	2222	2222	2222	2222	2222	2222	2222	2222
213	100	0	4.36716	4.18674	0.878246	0.878637	0.0262315	-0.305663	0.263794
2222	2222	2222	2222	2222	2222	2222	2222	2222	2222
214	100	1	4.33308	4.15368	0.874124	0.870896	-0.0247349	-0.0602864	0.0598429
2222	2222	2222	2222	2222	2222	2222	2222	2222	2222
2222	2222	2222	2222	2222	2222	2222	2222	2222	2222
216	100	1	4.32217	4.14268	0.876367	0.866795	-0.0282795	-0.064364	0.0428286
2222	2222	2222	2222	2222	2222	2222	2222	2222	2222
2222	2222	2222	2222	2222	2222	2222	2222	2222	2222
218	100	1	4.31522	4.13597	0.876606	0.863954	-0.0542743	0.0234832	0.007239
2222	2222	2222	2222	2222	2222	2222	2222	2222	2222
219	100	1	4.32229	4.14249	0.879728	0.864921	-0.0477483	-0.0047923	0.0195995
2222	2222	2222	2222	2222	2222	2222	2222	2222	2222
220	100	1	4.35048	4.16933	0.887276	0.869579	-0.0319591	-0.0889489	0.0518661
2222	2222	2222	2222	2222	2222	2222	2222	2222	2222
221	100	1	4.3182	4.13856	0.880041	0.862946	-0.0498881	0.0126946	0.000884034
2222	2222	2222	2222	2222	2222	2222	2222	2222	2222
222	100	1	4.3363	4.15587	0.884132	0.866359	-0.0450045	-0.013922	0.0127941
2222	2222	2222	2222	2222	2222	2222	2222	2222	2222
223	100	1	4.33228	4.15204	0.883324	0.865389	-0.0458279	-0.00275483	0.0115852
2222	2222	2222	2222	2222	2222	2222	2222	2222	2222
224	100	1	4.34382	4.16308	0.885861	0.86762	-0.0411344	-0.0257649	0.0300726
2222	2222	2222	2222	2222	2222	2222	2222	2222	2222
225	100	1	4.36511	4.18354	0.890015	0.871772	-0.0302679	-0.0706953	0.0646398
2222	2222	2222	2222	2222	2222	2222	2222	2222	2222
226	100	1	4.3329	4.15313	0.88116	0.865521	-0.0483104	0.0278111	0.0133159
2222	2222	2222	2222	2222	2222	2222	2222	2222	2222
227	100	1	4.34884	4.16871	0.883395	0.868276	0.0322184	-0.361956	0.364374
2222	2222	2222	2222	2222	2222	2222	2222	2222	2222
228	100	1	4.36512	4.18477	0.884449	0.87163	0.0311171	-0.362019	0.340643
2222	2222	2222	2222	2222	2222	2222	2222	2222	2222
229	100	1	4.375	4.19501	0.882652	0.873726	0.0434494	-0.40015	0.329815
2222	2222	2222	2222	2222	2222	2222	2222	2222	2222
230	100	1	4.35697	4.17818	0.876846	0.870165	0.0341816	-0.366144	0.351739
2222	2222	2222	2222	2222	2222	2222	2222	2222	2222
231	100	1	4.34918	4.17125	0.872001	0.86929	-0.0341581	-0.0314013	0.0350759
2222	2222	2222	2222	2222	2222	2222	2222	2222	2222
232	100	1	4.34756	4.17064	0.866983	0.869109	-0.0322981	-0.0291935	0.0294512
2222	2222	2222	2222	2222	2222	2222	2222	2222	2222
233	100	1	4.34445	4.1686	0.861589	0.868691	-0.033676	-0.0277385	0.0269272
2222	2222	2222	2222	2222	2222	2222	2222	2222	2222
234	100	1	4.34713	4.17262	0.855669	0.868666	0.0397143	-0.370527	0.383868
2222	2222	2222	2222	2222	2222	2222	2222	2222	2222
2222	2222	2222	2222	2222	2222	2222	2222	2222	2222
236	100	1	4.35863	4.18636	0.844708	0.870911	0.0403399	-0.357056	0.360914
2222	2222	2222	2222	2222	2222	2222	2222	2222	2222
237	100	1	4.33618	4.16631	0.83305	0.866239	0.0456293	-0.369875	0.385414
2222	2222	2222	2222	2222	2222	2222	2222	2222	2222
238	100	1	4.34081	4.17235	0.825607	0.867467	0.0399976	-0.355846	0.372294
2222	2222	2222	2222	2222	2222	2222	2222	2222	2222
239	100	1	4.35861	4.19123	0.820203	0.870835	0.0392359	-0.338346	0.372361
2222	2222	2222	2222	2222	2222	2222	2222	2222	2222
240	100	1	4.33702	4.17228	0.806848	0.866489	0.0434477	-0.342859	0.390676
2222	2222	2222	2222	2222	2222	2222	2222	2222	2222
241	100	1	4.34106	4.17794	0.797895	0.867752	0.0320104	-0.304647	0.383572
2222	2222	2222	2222	2222	2222	2222	2222	2222	2222
242	100	1	4.33849	4.17713	0.787476	0.868321	-0.0213947	-0.0631978	0.00379658
2222	2222	2222	2222	2222	2222	2222	2222	2222	2222
243	100	1	4.33509	4.17584	0.775908	0.867969	-0.0231678	-0.0419768	-0.000342197
2222	2222	2222	2222	2222	2222	2222	2222	2222	2222
244	100	1	4.34686	4.18913	0.766861	0.87076	-0.0198426	-0.0627407	0.017534
2222	2222	2222	2222	2222	2222	2222	2222	2222	2222
245	100	1	4.35213	4.19626	0.756024	0.872283	-0.0187937	-0.0569433	0.0290225
2222	2222	2222	2222	2222	2222	2222	2222	2222	2222
246	100	1	4.34868	4.19515	0.742955	0.871644	0.0282478	-0.286087	0.356149
2222	2222	2222	2222	2222	2222	2222	2222	2222	2222
247	100	0	4.36985	4.21781	0.733088	0.876519	0.0315888	-0.300186	0.319984
2222	2222	2222	2222	2222	2222	2222	2222	2222	2222
248	100	1	4.34391	4.19471	0.716914	0.871783	0.0294327	-0.27362	0.352026
2222	2222	2222	2222	2222	2222	2222	2222	2222	2222
249	100	1	4.32824	4.18168	0.700267	0.869958	-0.0388195	0.0568322	0.0183673
2222	2222	2222	2222	2222	2222	2222	2222	2222	2222
250	100	1	4.3377	4.19292	0.688102	0.872648	-0.0380679	0.066711	0.0195236
2222	2222	2222	2222	2222	2222	2222	2222	2222	2222
2222	2222	2222	2222	2222	2222	2222	2222	2222	2222
252	100	0	4.35946	4.21783	0.666379	0.877906	0.0122934	-0.196138	0.0644984
2222	2222	2222	2222	2222	2222	2222	2222	2222	2222
2222	2222	2222	2222	2222	2222	2222	2222	2222	2222
254	100	1	4.34311	4.20657	0.634751	0.874312	-0.0303379	0.101817	0.0201178
2222	2222	2222	2222	2222	2222	2222	2222	2222	2222
255	100	0	4.3711	4.2355	0.626865	0.879813	0.0163187	-0.116258	0.059216
2222	2222	2222	2222	2222	2222	2222	2222	2222	2222
256	100	0	4.37751	4.24381	0.613492	0.88104	0.0251948	-0.187895	0.0664332
2222	2222	2222	2222	2222	2222	2222	2222	2222	2222
257	100	0	4.38095	4.24925	0.600181	0.881138	0.0236736	-0.173558	0.0910383
2222	2222	2222	2222	2222	2222	2222	2222	2222	2222
258	100	1	4.35953	4.23073	0.581739	0.876316	-0.0244439	0.0942743	0.0350856
2222	2222	2222	2222	2222	2222	2222	2222	2222	2222
259	100	0	4.36893	4.24151	0.570882	0.878189	0.0188026	-0.117769	0.0534414
2222	2222	2222	2222	2222	2222	2222	2222	2222	2222
260	100	0	4.36342	4.23806	0.556924	0.876415	0.0218477	-0.114247	0.0347008
2222	2222	2222	2222	2222	2222	2222	2222	2222	2222
261	100	0	4.36948	4.24568	0.543867	0.87791	0.0326153	-0.176272	0.0444346
2222	2222	2222	2222	2222	2222	2222	2222	2222	2222
262	100	0	4.36543	4.24337	0.529974	0.877431	0.0376093	-0.18117	0.0429024
2222	2222	2222	2222	2222	2222	2222	2222	2222	2222
263	100	0	4.35574	4.2355	0.515557	0.875892	0.0370097	-0.171709	0.0305139
2222	2222	2222	2222	2222	2222	2222	2222	2222	2222
264	100	0	4.36071	4.24163	0.503574	0.877974	0.035292	-0.156492	0.0241714
2222	2222	2222	2222	2222	2222	2222	2222	2222	2222
265	100	0	4.3557	4.23789	0.49055	0.878547	0.0388493	-0.157876	0.00886291
2222	2222	2222	2222	2222	2222	2222	2222	2222	2222
2222	2222	2222	2222	2222	2222	2222	2222	2222	2222
267	100	0	4.36639	4.25032	0.467292	0.884178	0.0456423	-0.176733	0.0161185
2222	2222	2222	2222	2222	2222	2222	2222	2222	2222
268	100	0	4.35659	4.24168	0.454513	0.883983	0.0432117	-0.170876	-0.00650826
2222	2222	2222	2222	2222	2222	2222	2222	2222	2222
269	100	1	4.38348	4.26878	0.443606	0.89199	-0.0153419	0.108113	0.00285047
2222	2222	2222	2222	2222	2222	2222	2222	2222	2222
270	100	0	4.35727	4.24368	0.431664	0.889167	0.0406396	-0.179375	-0.00299179
2222	2222	2222	2222	2222	2222	2222	2222	2222	2222
271	100	0	4.34852	4.23572	0.419595	0.89009	0.0405572	-0.192828	-0.00513617
2222	2222	2222	2222	2222	2222	2222	2222	2222	2222
272	100	0	4.35741	4.24491	0.410004	0.894275	0.0377641	-0.180728	0.00489003
2222	2222	2222	2222	2222	2222	2222	2222	2222	2222
273	100	0	4.34212	4.23053	0.398147	0.893385	0.0407714	-0.190097	0.0165848
2222	2222	2222	2222	2222	2222	2222	2222	2222	2222
274	100	0	4.35749	4.24592	0.38943	0.899013	0.0375942	-0.148542	0.00492291
2222	2222	2222	2222	2222	2222	2222	2222	2222	2222
275	100	0	4.3387	4.22819	0.37725	0.896905	0.0400914	-0.198149	-0.012738
2222	2222	2222	2222	2222	2222	2222	2222	2222	2222
276	100	0	4.34996	4.23968	0.368051	0.901038	0.0404385	-0.172499	0.0224005
2222	2222	2222	2222	2222	2222	2222	2222	2222	2222
277	100	0	4.34662	4.23706	0.357614	0.901386	0.044585	-0.196716	0.00395538
2222	2222	2222	2222	2222	2222	2222	2222	2222	2222
278	100	0	4.34798	4.2389	0.347815	0.903164	0.0443699	-0.194011	0.00804173
2222	2222	2222	2222	2222	2222	2222	2222	2222	2222
279	100	0	4.35809	4.24922	0.339035	0.906745	0.043384	-0.195143	0.0334855
2222	2222	2222	2222	2222	2222	2222	2222	2222	2222
280	100	0	4.36091	4.25242	0.330481	0.9084	0.044002	-0.183406	0.0409462
2222	2222	2222	2222	2222	2222	2222	2222	2222	2222
281	100	0	4.33294	4.22555	0.319195	0.903985	0.045108	-0.216085	-0.00235359
2222	2222	2222	2222	2222	2222	2222	2222	2222	2222
282	100	0	4.34527	4.2381	0.311168	0.907227	0.0425341	-0.203853	-0.0105904
2222	2222	2222	2222	2222	2222	2222	2222	2222	2222
283	100	0	4.34582	4.23921	0.302422	0.907653	0.0448731	-0.214921	-0.00434936
2222	2222	2222	2222	2222	2222	2222	2222	2222	2222
284	100	0	4.33478	4.22879	0.293585	0.906326	0.0387963	-0.201232	-0.0210226
2222	2222	2222	2222	2222	2222	2222	2222	2222	2222
285	100	0	4.33704	4.23139	0.285516	0.907608	0.0407732	-0.222877	0.0102791
2222	2222	2222	2222	2222	2222	2222	2222	2222	2222
286	100	0	4.34131	4.23589	0.278221	0.909288	0.0407479	-0.211082	0.0326656
2222	2222	2222	2222	2222	2222	2222	2222	2222	2222
287	100	0	4.33125	4.22639	0.269998	0.908011	0.0371073	-0.209876	0.00576892
2222	2222	2222	2222	2222	2222	2222	2222	2222	2222
288	100	0	4.3242	4.21978	0.261859	0.907521	0.0354526	-0.202965	-0.0216428
2222	2222	2222	2222	2222	2222	2222	2222	2222	2222
289	100	0	4.32232	4.21823	0.254287	0.907898	0.0362183	-0.21	-0.0177402
2222	2222	2222	2222	2222	2222	2222	2222	2222	2222
290	100	0	4.30896	4.20545	0.246032	0.905962	0.0315417	-0.216586	-0.0411739
2222	2222	2222	2222	2222	2222	2222	2222	2222	2222
291	100	0	4.32658	4.22298	0.239557	0.910113	0.0341405	-0.19306	-0.0179717
2222	2222	2222	2222	2222	2222	2222	2222	2222	2222
292	100	0	4.30336	4.20058	0.230742	0.905999	0.0288328	-0.213428	-0.0343294
2222	2222	2222	2222	2222	2222	2222	2222	2222	2222
293	100	0	4.31278	4.20997	0.22398	0.908851	0.0321681	-0.214303	-0.0107157
2222	2222	2222	2222	2222	2222	2222	2222	2222	2222
294	100	0	4.30433	4.20197	0.215913	0.907751	0.0266778	-0.199862	-0.0306036
2222	2222	2222	2222	2222	2222	2222	2222	2222	2222
295	100	0	4.29893	4.19682	0.208004	0.907892	0.0237528	-0.199012	-0.0290177
2222	2222	2222	2222	2222	2222	2222	2222	2222	2222
296	100	0	4.27867	4.17714	0.199135	0.90489	0.0300539	-0.213309	-0.0459127
2222	2222	2222	2222	2222	2222	2222	2222	2222	2222
297	100	0	4.28809	4.18653	0.19184	0.907683	0.0321717	-0.192952	-0.0168836
2222	2222	2222	2222	2222	2222	2222	2222	2222	2222
298	100	0	4.28415	4.18279	0.183566	0.908027	0.033106	-0.192153	-0.0218517
2222	2222	2222	2222	2222	2222	2222	2222	2222	2222
299	100	0	4.28429	4.18307	0.175784	0.908947	0.0376826	-0.182213	-0.0372324
2222	2222	2222	2222	2222	2222	2222	2222	2222	2222
300	100	0	4.28877	4.18754	0.16765	0.911038	0.0334533	-0.182523	-0.0164602
2222	2222	2222	2222	2222	2222	2222	2222	2222	2222
301	100	0	4.28315	4.18211	0.159642	0.910935	0.0381225	-0.184303	-0.0289049
2222	2222	2222	2222	2222	2222	2222	2222	2222	2222
302	100	0	4.27404	4.17323	0.150992	0.910359	0.0415115	-0.204279	-0.028325
2222	2222	2222	2222	2222	2222	2222	2222	2222	2222
303	100	0	4.28787	4.18682	0.143215	0.914282	0.0420664	-0.179771	-0.0200425
2222	2222	2222	2222	2222	2222	2222	2222	2222	2222
304	100	0	4.28958	4.18853	0.134689	0.915753	0.0434613	-0.180291	-0.025239
2222	2222	2222	2222	2222	2222	2222	2222	2222	2222
305	100	0	4.27927	4.17836	0.126027	0.915192	0.0428435	-0.172949	-0.0534435
2222	2222	2222	2222	2222	2222	2222	2222	2222	2222
306	100	0	4.26549	4.16484	0.116879	0.913702	0.0423158	-0.192551	-0.0392789
2222	2222	2222	2222	2222	2222	2222	2222	2222	2222
307	100	0	4.26397	4.16335	0.107971	0.914519	0.0437933	-0.185134	-0.0493393
2222	2222	2222	2222	2222	2222	2222	2222	2222	2222
308	100	0	4.27101	4.17006	0.0992577	0.917716	0.0396014	-0.179125	-0.0505818
2222	2222	2222	2222	2222	2222	2222	2222	2222	2222
309	100	0	4.26855	4.16749	0.0900781	0.918919	0.0409902	-0.183758	-0.0540771
2222	2222	2222	2222	2222	2222	2222	2222	2222	2222
310	100	0	4.27146	4.17021	0.0809816	0.920983	0.0430165	-0.1886	-0.0482245
2222	2222	2222	2222	2222	2222	2222	2222	2222	2222
311	100	0	4.26493	4.16354	0.0716831	0.9216	0.0380207	-0.189643	-0.0649896
2222	2222	2222	2222	2222	2222	2222	2222	2222	2222
312	100	0	4.24919	4.14793	0.0618309	0.92002	0.0399004	-0.201601	-0.0544041
2222	2222	2222	2222	2222	2222	2222	2222	2222	2222
313	100	0	4.27301	4.171	0.0525612	0.926636	0.0441974	-0.173529	-0.0362413
2222	2222	2222	2222	2222	2222	2222	2222	2222	2222
314	100	0	4.2672	4.16507	0.0427458	0.926992	0.039395	-0.181102	-0.0602291
2222	2222	2222	2222	2222	2222	2222	2222	2222	2222
315	100	0	4.25339	4.15131	0.0330582	0.925656	0.0364382	-0.186762	-0.049945
2222	2222	2222	2222	2222	2222	2222	2222	2222	2222
316	100	0	4.25323	4.15098	0.0233997	0.926689	0.0375614	-0.189862	-0.0548873
2222	2222	2222	2222	2222	2222	2222	2222	2222	2222
317	100	0	4.26315	4.16032	0.0136829	0.930557	0.0345419	-0.177944	-0.0571949
2222	2222	2222	2222	2222	2222	2222	2222	2222	2222
318	100	0	4.25403	4.15114	0.00400753	0.929959	0.0297116	-0.183198	-0.0655733
2222	2222	2222	2222	2222	2222	2222	2222	2222	2222
319	100	0	4.2456	4.14266	-0.0057472	0.929219	0.0294168	-0.188438	-0.0735535
2222	2222	2222	2222	2222	2222	2222	2222	2222	2222
320	100	0	4.26004	4.15647	-0.0157813	0.933487	0.0245517	-0.178213	-0.0641378
2222	2222	2222	2222	2222	2222	2222	2222	2222	2222
321	100	0	4.25641	4.15271	-0.025441	0.933489	0.0231669	-0.183346	-0.0695554
2222	2222	2222	2222	2222	2222	2222	2222	2222	2222
322	100	0	4.25999	4.156	-0.0351296	0.934867	0.0253642	-0.182508	-0.0592146
2222	2222	2222	2222	2222	2222	2222	2222	2222	2222
323	100	0	4.24691	4.14309	-0.0449213	0.932216	0.0239093	-0.188257	-0.0700565
2222	2222	2222	2222	2222	2222	2222	2222	2222	2222
324	100	0	4.23907	4.13529	-0.0547625	0.930656	0.0242921	-0.198152	-0.0790562
2222	2222	2222	2222	2222	2222	2222	2222	2222	2222
325	100	0	4.24576	4.14167	-0.0649309	0.932111	0.0249031	-0.202483	-0.0754852
2222	2222	2222	2222	2222	2222	2222	2222	2222	2222
326	100	0	4.24272	4.13854	-0.0749284	0.931402	0.0268038	-0.207271	-0.0767918
2222	2222	2222	2222	2222	2222	2222	2222	2222	2222
327	100	0	4.26389	4.15911	-0.0857641	0.935511	0.0267986	-0.189348	-0.07947
2222	2222	2222	2222	2222	2222	2222	2222	2222	2222
328	100	0	4.25597	4.15127	-0.0963786	0.933263	0.0259746	-0.185173	-0.102596
2222	2222	2222	2222	2222	2222	2222	2222	2222	2222
329	100	0	4.2731	4.16801	-0.107253	0.935703	0.0276087	-0.181857	-0.0868642
2222	2222	2222	2222	2222	2222	2222	2222	2222	2222
330	100	0	4.27297	4.16787	-0.118907	0.934329	0.0276544	-0.191925	-0.0868596
2222	2222	2222	2222	2222	2222	2222	2222	2222	2222
331	100	0	4.27277	4.16765	-0.130492	0.932881	0.027976	-0.188502	-0.0902272
2222	2222	2222	2222	2222	2222	2222	2222	2222	2222
332	100	0	4.27536	4.17013	-0.142533	0.931918	0.0316435	-0.175392	-0.0923477
2222	2222	2222	2222	2222	2222	2222	2222	2222	2222
333	100	0	4.28501	4.17953	-0.15501	0.932108	0.0327221	-0.163223	-0.0841044
2222	2222	2222	2222	2222	2222	2222	2222	2222	2222
334	100	0	4.27601	4.17066	-0.166745	0.928496	0.0302546	-0.161232	-0.0960935
2222	2222	2222	2222	2222	2222	2222	2222	2222	2222
335	100	0	4.26835	4.16304	-0.178818	0.925155	0.0319415	-0.175317	-0.0989711
2222	2222	2222	2222	2222	2222	2222	2222	2222	2222
336	100	0	4.27155	4.16609	-0.191393	0.92369	0.0255222	-0.165638	-0.104199
2222	2222	2222	2222	2222	2222	2222	2222	2222	2222
337	100	0	4.27419	4.16834	-0.204151	0.923016	0.0291212	-0.165278	-0.0954726
2222	2222	2222	2222	2222	2222	2222	2222	2222	2222
338	100	0	4.27395	4.16786	-0.21657	0.921227	0.0358765	-0.164303	-0.100624
2222	2222	2222	2222	2222	2222	2222	2222	2222	2222
339	100	0	4.29312	4.18612	-0.230744	0.924127	0.0374729	-0.153993	-0.0920455
2222	2222	2222	2222	2222	2222	2222	2222	2222	2222
340	100	0	4.29026	4.18294	-0.244019	0.921843	0.0437105	-0.130302	-0.095143
2222	2222	2222	2222	2222	2222	2222	2222	2222	2222
341	100	0	4.28993	4.18203	-0.257139	0.920906	0.0455724	-0.120981	-0.0956005
2222	2222	2222	2222	2222	2222	2222	2222	2222	2222
342	100	0	4.29432	4.18556	-0.270495	0.921446	0.0490217	-0.115767	-0.0914595
2222	2222	2222	2222	2222	2222	2222	2222	2222	2222
343	100	0	4.30728	4.19742	-0.284083	0.923947	0.0515176	-0.117714	-0.0857619
2222	2222	2222	2222	2222	2222	2222	2222	2222	2222
344	100	0	4.30178	4.19118	-0.296645	0.922663	0.055289	-0.127217	-0.0877134
2222	2222	2222	2222	2222	2222	2222	2222	2222	2222
345	100	0	4.31692	4.20496	-0.310118	0.926266	0.0560665	-0.107564	-0.087785
2222	2222	2222	2222	2222	2222	2222	2222	2222	2222
346	100	0	4.32316	4.20991	-0.323205	0.928412	0.0537124	-0.0847318	-0.090938
2222	2222	2222	2222	2222	2222	2222	2222	2222	2222
347	100	1	4.32808	4.21346	-0.33578	0.930746	0.0545587	-0.0895679	-0.0879079
2222	2222	2222	2222	2222	2222	2222	2222	2222	2222
348	100	0	4.31729	4.20177	-0.346508	0.929531	0.0456388	-0.103557	-0.0953262
2222	2222	2222	2222	2222	2222	2222	2222	2222	2222
349	100	0	4.29776	4.1815	-0.356105	0.926777	0.0438301	-0.128919	-0.113414
2222	2222	2222	2222	2222	2222	2222	2222	2222	2222
350	100	0	4.31999	4.20187	-0.369197	0.932929	0.0406307	-0.105297	-0.103646
2222	2222	2222	2222	2222	2222	2222	2222	2222	2222
351	100	0	4.30388	4.18491	-0.378833	0.930807	0.039298	-0.112154	-0.106596
2222	2222	2222	2222	2222	2222	2222	2222	2222	2222
352	100	0	4.2992	4.17902	-0.389156	0.931359	0.0375704	-0.115331	-0.126264
2222	2222	2222	2222	2222	2222	2222	2222	2222	2222
353	100	0	4.3014	4.17978	-0.399984	0.933515	0.0375305	-0.109897	-0.118581
2222	2222	2222	2222	2222	2222	2222	2222	2222	2222
354	100	0	4.30162	4.17884	-0.410223	0.934302	0.0372846	-0.114325	-0.109599
2222	2222	2222	2222	2222	2222	2222	2222	2222	2222
355	100	0	4.3339	4.20903	-0.423852	0.941878	0.0360718	-0.113911	-0.0841535
2222	2222	2222	2222	2222	2222	2222	2222	2222	2222
356	100	0	4.35165	4.22518	-0.435934	0.945865	0.0417252	-0.116428	-0.063281
2222	2222	2222	2222	2222	2222	2222	2222	2222	2222
357	100	0	4.34366	4.21651	-0.444204	0.94397	0.0401379	-0.111476	-0.0722296
2222	2222	2222	2222	2222	2222	2222	2222	2222	2222
358	100	0	4.33393	4.20606	-0.452971	0.941731	0.0420713	-0.122608	-0.0772202
2222	2222	2222	2222	2222	2222	2222	2222	2222	2222
359	100	0	4.32394	4.19544	-0.461033	0.939264	0.0456368	-0.141307	-0.0822002
2222	2222	2222	2222	2222	2222	2222	2222	2222	2222
360	100	0	4.32566	4.19622	-0.470567	0.938978	0.0469652	-0.140933	-0.0795056
2222	2222	2222	2222	2222	2222	2222	2222	2222	2222
361	100	0	4.31029	4.18038	-0.478504	0.934893	0.0481708	-0.158438	-0.0792453
2222	2222	2222	2222	2222	2222	2222	2222	2222	2222
362	100	0	4.32805	4.19682	-0.490104	0.937254	0.0533374	-0.146559	-0.0631122
2222	2222	2222	2222	2222	2222	2222	2222	2222	2222
363	100	0	4.32542	4.19346	-0.499491	0.935254	0.0536332	-0.144469	-0.0665927
2222	2222	2222	2222	2222	2222	2222	2222	2222	2222
364	100	0	4.30774	4.17554	-0.506778	0.929864	0.0482743	-0.151253	-0.0778694
2222	2222	2222	2222	2222	2222	2222	2222	2222	2222
365	100	0	4.32511	4.19162	-0.517779	0.932098	0.0435164	-0.129218	-0.0726301
2222	2222	2222	2222	2222	2222	2222	2222	2222	2222
366	100	0	4.31309	4.17902	-0.525821	0.928466	0.0363445	-0.13787	-0.0711219
2222	2222	2222	2222	2222	2222	2222	2222	2222	2222
367	100	0	4.32662	4.19126	-0.536747	0.92998	0.0334319	-0.127688	-0.0626976
2222	2222	2222	2222	2222	2222	2222	2222	2222	2222
368	100	0	4.34199	4.20536	-0.548052	0.931395	0.0270952	-0.105226	-0.0695522
2222	2222	2222	2222	2222	2222	2222	2222	2222	2222
369	100	0	4.32992	4.19265	-0.555907	0.927857	0.0210479	-0.103287	-0.08614
2222	2222	2222	2222	2222	2222	2222	2222	2222	2222
370	100	0	4.32384	4.18577	-0.564523	0.925319	0.0241506	-0.102956	-0.0829418
2222	2222	2222	2222	2222	2222	2222	2222	2222	2222
371	100	0	4.31182	4.17307	-0.572348	0.92176	0.0222699	-0.105467	-0.0765878
2222	2222	2222	2222	2222	2222	2222	2222	2222	2222
372	100	0	4.30352	4.16405	-0.580774	0.918528	0.0190042	-0.113355	-0.0834925
2222	2222	2222	2222	2222	2222	2222	2222	2222	2222
373	100	0	4.31389	4.17312	-0.591613	0.919093	0.0146473	-0.0995281	-0.0914613
2222	2222	2222	2222	2222	2222	2222	2222	2222	2222
374	100	0	4.3126	4.17084	-0.600929	0.917342	0.012121	-0.0910528	-0.0945655
2222	2222	2222	2222	2222	2222	2222	2222	2222	2222
375	100	0	4.31586	4.1729	-0.611268	0.916425	0.0122056	-0.0783302	-0.093685
2222	2222	2222	2222	2222	2222	2222	2222	2222	2222
376	100	0	4.29686	4.15354	-0.618555	0.910202	0.00760372	-0.0803715	-0.107981
2222	2222	2222	2222	2222	2222	2222	2222	2222	2222
377	100	0	4.28889	4.14474	-0.627807	0.906389	0.00794554	-0.0959692	-0.109562
2222	2222	2222	2222	2222	2222	2222	2222	2222	2222
378	100	0	4.29385	4.14846	-0.639194	0.904905	0.00581479	-0.0950325	-0.104295
2222	2222	2222	2222	2222	2222	2222	2222	2222	2222
379	100	0	4.3059	4.15895	-0.651826	0.90503	0.00218845	-0.0788365	-0.0882862
2222	2222	2222	2222	2222	2222	2222	2222	2222	2222
380	100	0	4.29533	4.14754	-0.661151	0.900346	0.00248136	-0.091376	-0.100032
2222	2222	2222	2222	2222	2222	2222	2222	2222	2222
381	100	0	4.30665	4.15728	-0.674044	0.899984	0.00630334	-0.0920981	-0.0934979
2222	2222	2222	2222	2222	2222	2222	2222	2222	2222
382	100	0	4.28768	4.13773	-0.682238	0.893309	0.00703298	-0.110061	-0.104389
2222	2222	2222	2222	2222	2222	2222	2222	2222	2222
383	100	0	4.29674	4.14502	-0.695639	0.892648	0.0135736	-0.113909	-0.0942979
2222	2222	2222	2222	2222	2222	2222	2222	2222	2222
384	100	0	4.29434	4.14135	-0.706865	0.889329	0.0199356	-0.11177	-0.0869606
2222	2222	2222	2222	2222	2222	2222	2222	2222	2222
385	100	0	4.3189	4.16348	-0.722763	0.892134	0.0253202	-0.0977669	-0.0837135
2222	2222	2222	2222	2222	2222	2222	2222	2222	2222
386	100	0	4.29499	4.1388	-0.730436	0.885301	0.0386706	-0.124914	-0.0822042
2222	2222	2222	2222	2222	2222	2222	2222	2222	2222
387	100	0	4.31068	4.15209	-0.745434	0.886802	0.0436052	-0.126875	-0.0745487
2222	2222	2222	2222	2222	2222	2222	2222	2222	2222
388	100	0	4.29911	4.13909	-0.755799	0.882662	0.0502966	-0.141508	-0.0800318
2222	2222	2222	2222	2222	2222	2222	2222	2222	2222
389	100	0	4.28617	4.12461	-0.766235	0.878451	0.0475242	-0.158488	-0.0902371
2222	2222	2222	2222	2222	2222	2222	2222	2222	2222
390	100	0	4.31128	4.14661	-0.783653	0.882411	0.0553122	-0.144626	-0.0721752
2222	2222	2222	2222	2222	2222	2222	2222	2222	2222
391	100	0	4.30426	4.13772	-0.795469	0.879274	0.0508849	-0.152371	-0.0785852
2222	2222	2222	2222	2222	2222	2222	2222	2222	2222
392	100	0	4.3058	4.13681	-0.808842	0.878893	0.0553281	-0.150569	-0.0768636
2222	2222	2222	2222	2222	2222	2222	2222	2222	2222
393	100	0	4.3086	4.13699	-0.822643	0.878969	0.053159	-0.149615	-0.0684939
2222	2222	2222	2222	2222	2222	2222	2222	2222	2222
394	100	0	4.3137	4.13933	-0.83695	0.879505	0.0519648	-0.148722	-0.0654442
2222	2222	2222	2222	2222	2222	2222	2222	2222	2222
395	100	0	4.31057	4.13375	-0.84936	0.878481	0.0508473	-0.152973	-0.0635469
2222	2222	2222	2222	2222	2222	2222	2222	2222	2222
396	100	0	4.32066	4.14073	-0.864639	0.880244	0.0550129	-0.158339	-0.0448539
2222	2222	2222	2222	2222	2222	2222	2222	2222	2222
397	100	0	4.32852	4.14548	-0.879046	0.882258	0.0541661	-0.157804	-0.051318
2222	2222	2222	2222	2222	2222	2222	2222	2222	2222
398	100	0	4.32329	4.13785	-0.890679	0.880758	0.0511059	-0.163973	-0.0594908
2222	2222	2222	2222	2222	2222	2222	2222	2222	2222
399	100	0	4.33048	4.14192	-0.904944	0.882391	0.0565274	-0.164388	-0.0451381
2222	2222	2222	2222	2222	2222	2222	2222	2222	2222
400	100	0	4.32772	4.13651	-0.917049	0.881737	0.0528051	-0.172323	-0.0515955
2222	2222	2222	2222	2222	2222	2222	2222	2222	2222
401	100	0	4.31438	4.12103	-0.926844	0.878623	0.0522571	-0.17856	-0.0585741
2222	2222	2222	2222	2222	2222	2222	2222	2222	2222
402	100	0	4.31735	4.12118	-0.939849	0.878702	0.054625	-0.178181	-0.0577077
2222	2222	2222	2222	2222	2222	2222	2222	2222	2222
403	100	0	4.32654	4.12719	-0.95448	0.879891	0.0541207	-0.174853	-0.048416
2222	2222	2222	2222	2222	2222	2222	2222	2222	2222
404	100	0	4.33855	4.13603	-0.969694	0.880883	0.0629908	-0.178231	-0.0450629
2222	2222	2222	2222	2222	2222	2222	2222	2222	2222
405	100	0	4.33343	4.12855	-0.981074	0.8782	0.0686447	-0.186706	-0.0447614
2222	2222	2222	2222	2222	2222	2222	2222	2222	2222
406	100	0	4.34996	4.1417	-0.997301	0.879687	0.0676956	-0.178991	-0.0404098
2222	2222	2222	2222	2222	2222	2222	2222	2222	2222
407	100	0	4.34566	4.13506	-1.00868	0.876738	0.0691929	-0.18932	-0.0442696
2222	2222	2222	2222	2222	2222	2222	2222	2222	2222
408	100	0	4.32764	4.11541	-1.01701	0.870366	0.0652112	-0.199586	-0.0598996
2222	2222	2222	2222	2222	2222	2222	2222	2222	2222
409	100	0	4.35191	4.13597	-1.03519	0.872474	0.0669874	-0.186111	-0.0478894
2222	2222	2222	2222	2222	2222	2222	2222	2222	2222
410	100	0	4.34805	4.12972	-1.04683	0.868947	0.0645311	-0.192347	-0.0562467
2222	2222	2222	2222	2222	2222	2222	2222	2222	2222
411	100	0	4.35625	4.13497	-1.06128	0.867564	0.0643088	-0.186944	-0.0516743
2222	2222	2222	2222	2222	2222	2222	2222	2222	2222
412	100	0	4.35881	4.13487	-1.07437	0.864752	0.0540312	-0.188569	-0.0597504
2222	2222	2222	2222	2222	2222	2222	2222	2222	2222
413	100	0	4.37532	4.14803	-1.09074	0.864644	0.0539637	-0.180971	-0.0731202
2222	2222	2222	2222	2222	2222	2222	2222	2222	2222
414	100	0	4.36767	4.13809	-1.10138	0.860091	0.0495541	-0.181871	-0.0839246
2222	2222	2222	2222	2222	2222	2222	2222	2222	2222
415	100	0	4.37595	4.14324	-1.11615	0.858297	0.0454301	-0.172357	-0.0899106
2222	2222	2222	2222	2222	2222	2222	2222	2222	2222
416	100	0	4.38168	4.14582	-1.1304	0.856447	0.0425129	-0.163481	-0.0907962
2222	2222	2222	2222	2222	2222	2222	2222	2222	2222
417	100	0	4.38653	4.14745	-1.14444	0.854718	0.042134	-0.152137	-0.0925442
2222	2222	2222	2222	2222	2222	2222	2222	2222	2222
418	100	0	4.40152	4.1585	-1.16134	0.855328	0.0508089	-0.143896	-0.0893803
2222	2222	2222	2222	2222	2222	2222	2222	2222	2222
419	100	0	4.39055	4.14506	-1.17081	0.851268	0.0495011	-0.147031	-0.1067
2222	2222	2222	2222	2222	2222	2222	2222	2222	2222
420	100	0	4.41048	4.16069	-1.1885	0.853503	0.0499327	-0.1305	-0.108503
2222	2222	2222	2222	2222	2222	2222	2222	2222	2222
421	100	0	4.42828	4.1741	-1.20552	0.856299	0.0484702	-0.12302	-0.103556
2222	2222	2222	2222	2222	2222	2222	2222	2222	2222
422	100	0	4.4198	4.16272	-1.21542	0.853914	0.0499961	-0.121885	-0.11633
2222	2222	2222	2222	2222	2222	2222	2222	2222	2222
423	100	0	4.449	4.18663	-1.23548	0.859821	0.0496163	-0.105809	-0.10396
2222	2222	2222	2222	2222	2222	2222	2222	2222	2222
424	100	0	4.44226	4.1766	-1.2457	0.858985	0.0514825	-0.109786	-0.106978
2222	2222	2222	2222	2222	2222	2222	2222	2222	2222
425	100	0	4.4363	4.16726	-1.25604	0.858499	0.0438408	-0.11149	-0.105655
2222	2222	2222	2222	2222	2222	2222	2222	2222	2222
426	100	0	4.41649	4.14487	-1.26231	0.855556	0.0332498	-0.121389	-0.124536
2222	2222	2222	2222	2222	2222	2222	2222	2222	2222
427	100	0	4.44233	4.16527	-1.28144	0.861824	0.0272957	-0.104003	-0.113475
2222	2222	2222	2222	2222	2222	2222	2222	2222	2222
428	100	0	4.46564	4.18334	-1.29978	0.867314	0.0184249	-0.0941003	-0.102482
2222	2222	2222	2222	2222	2222	2222	2222	2222	2222
429	100	0	4.44529	4.16044	-1.30516	0.864817	-0.00139649	-0.10266	-0.118631
2222	2222	2222	2222	2222	2222	2222	2222	2222	2222
430	100	0	4.45727	4.16789	-1.31994	0.868174	-0.00689077	-0.0960466	-0.116778
2222	2222	2222	2222	2222	2222	2222	2222	2222	2222
431	100	0	4.45632	4.16328	-1.3307	0.868957	-0.019175	-0.099309	-0.119889
2222	2222	2222	2222	2222	2222	2222	2222	2222	2222
432	100	0	4.46993	4.17225	-1.34566	0.872843	-0.0253451	-0.0905567	-0.124108
2222	2222	2222	2222	2222	2222	2222	2222	2222	2222
433	100	0	4.47401	4.1722	-1.35783	0.875055	-0.032556	-0.0886282	-0.127741
2222	2222	2222	2222	2222	2222	2222	2222	2222	2222
434	100	0	4.49993	4.19262	-1.37646	0.881256	-0.027688	-0.0728202	-0.114209
2222	2222	2222	2222	2222	2222	2222	2222	2222	2222
435	100	0	4.48742	4.17728	-1.38334	0.879585	-0.0235472	-0.0758038	-0.120456
2222	2222	2222	2222	2222	2222	2222	2222	2222	2222
436	100	0	4.495	4.18059	-1.39653	0.881712	-0.0221844	-0.0660022	-0.120622
2222	2222	2222	2222	2222	2222	2222	2222	2222	2222
437	100	0	4.48391	4.16668	-1.40349	0.880034	-0.0199356	-0.0752593	-0.129727
2222	2222	2222	2222	2222	2222	2222	2222	2222	2222
438	100	0	4.49393	4.17245	-1.4169	0.88233	-0.0157161	-0.0633358	-0.120263
2222	2222	2222	2222	2222	2222	2222	2222	2222	2222
439	100	0	4.50414	4.17855	-1.43039	0.883739	-0.0146967	-0.0615798	-0.115801
2222	2222	2222	2222	2222	2222	2222	2222	2222	2222
440	100	0	4.48785	4.16002	-1.43553	0.879942	-0.0170805	-0.0583874	-0.127276
2222	2222	2222	2222	2222	2222	2222	2222	2222	2222
441	100	0	4.49234	4.161	-1.44667	0.879957	-0.0151038	-0.0491064	-0.131062
2222	2222	2222	2222	2222	2222	2222	2222	2222	2222
442	100	0	4.51919	4.1826	-1.46542	0.884002	-0.0146812	-0.0313109	-0.128889
2222	2222	2222	2222	2222	2222	2222	2222	2222	2222
443	100	0	4.51293	4.17361	-1.47365	0.880864	-0.0159698	-0.0276493	-0.137309
2222	2222	2222	2222	2222	2222	2222	2222	2222	2222
444	100	0	4.52243	4.1792	-1.48676	0.881012	-0.0112625	-0.0230718	-0.121318
2222	2222	2222	2222	2222	2222	2222	2222	2222	2222
445	100	0	4.50804	4.16266	-1.4923	0.876217	-0.0167081	-0.0235214	-0.133911
2222	2222	2222	2222	2222	2222	2222	2222	2222	2222
446	100	0	4.52152	4.17196	-1.50715	0.876013	-0.0203689	-0.0171105	-0.13331
2222	2222	2222	2222	2222	2222	2222	2222	2222	2222
447	100	0	4.51369	4.16147	-1.51486	0.872215	-0.0250131	-0.0151562	-0.132842
2222	2222	2222	2222	2222	2222	2222	2222	2222	2222
448	100	0	4.50887	4.15395	-1.52356	0.867997	-0.0215959	-0.0121289	-0.130989
2222	2222	2222	2222	2222	2222	2222	2222	2222	2222
449	100	0	4.53433	4.17415	-1.54274	0.869805	-0.0268217	-0.000888003	-0.118421
2222	2222	2222	2222	2222	2222	2222	2222	2222	2222
450	100	0	4.51606	4.15421	-1.54681	0.862959	-0.0278424	-0.00497738	-0.123679
2222	2222	2222	2222	2222	2222	2222	2222	2222	2222
451	100	0	4.53038	4.16408	-1.56258	0.86204	-0.035444	0.00813375	-0.119291
2222	2222	2222	2222	2222	2222	2222	2222	2222	2222
452	100	0	4.5411	4.17062	-1.57737	0.859925	-0.0309572	0.0176391	-0.106399
2222	2222	2222	2222	2222	2222	2222	2222	2222	2222
453	100	0	4.52945	4.15642	-1.58472	0.853679	-0.0315689	0.0140446	-0.12407
2222	2222	2222	2222	2222	2222	2222	2222	2222	2222
454	100	0	4.52851	4.15207	-1.59577	0.849261	-0.032494	0.0156775	-0.124655
2222	2222	2222	2222	2222	2222	2222	2222	2222	2222
455	100	0	4.52254	4.14306	-1.60514	0.843797	-0.0257642	0.0109875	-0.127879
2222	2222	2222	2222	2222	2222	2222	2222	2222	2222
456	100	0	4.52	4.1371	-1.6158	0.839015	-0.0255483	0.0168988	-0.139442
2222	2222	2222	2222	2222	2222	2222	2222	2222	2222
457	100	0	4.54255	4.15402	-1.63565	0.83875	-0.025674	0.02465	-0.125578
2222	2222	2222	2222	2222	2222	2222	2222	2222	2222
458	100	0	4.5558	4.16265	-1.65146	0.836829	-0.0233302	0.0292052	-0.113022
2222	2222	2222	2222	2222	2222	2222	2222	2222	2222
459	100	0	4.55521	4.15861	-1.66215	0.83259	-0.0191491	0.0285604	-0.115577
2222	2222	2222	2222	2222	2222	2222	2222	2222	2222
460	100	0	4.57183	4.16999	-1.6794	0.832113	-0.0111662	0.03303	-0.111027
2222	2222	2222	2222	2222	2222	2222	2222	2222	2222
461	100	0	4.56089	4.15613	-1.68644	0.827135	-0.0080707	0.0293202	-0.12067
2222	2222	2222	2222	2222	2222	2222	2222	2222	2222
462	100	0	4.56263	4.15363	-1.69822	0.825245	-0.00447348	0.0158176	-0.118589
2222	2222	2222	2222	2222	2222	2222	2222	2222	2222
463	100	0	4.5788	4.16421	-1.71549	0.825794	0.00111299	0.0319936	-0.12054
2222	2222	2222	2222	2222	2222	2222	2222	2222	2222
464	100	0	4.57406	4.15544	-1.72526	0.823299	0.000921305	0.0255642	-0.12039
2222	2222	2222	2222	2222	2222	2222	2222	2222	2222
465	100	0	4.58532	4.16116	-1.74077	0.824393	0.00278808	0.0271659	-0.117956
2222	2222	2222	2222	2222	2222	2222	2222	2222	2222
466	100	0	4.56089	4.13459	-1.74236	0.819198	0.000647007	0.0224743	-0.137644
2222	2222	2222	2222	2222	2222	2222	2222	2222	2222
467	100	0	4.57469	4.14244	-1.75858	0.821804	0.00910718	0.0295363	-0.115681
2222	2222	2222	2222	2222	2222	2222	2222	2222	2222
468	100	0	4.5657	4.12976	-1.76565	0.820479	0.0120739	0.0269404	-0.125849
2222	2222	2222	2222	2222	2222	2222	2222	2222	2222
469	100	0	4.57917	4.13722	-1.78177	0.823112	0.0138983	0.0309728	-0.120571
2222	2222	2222	2222	2222	2222	2222	2222	2222	2222
470	100	0	4.59403	4.14611	-1.79776	0.826403	0.010618	0.0345644	-0.125978
2222	2222	2222	2222	2222	2222	2222	2222	2222	2222
471	100	0	4.60413	4.15064	-1.81209	0.828558	0.00910446	0.0381135	-0.120709
2222	2222	2222	2222	2222	2222	2222	2222	2222	2222
472	100	0	4.60416	4.14606	-1.82247	0.828901	0.00361063	0.0430748	-0.125207
2222	2222	2222	2222	2222	2222	2222	2222	2222	2222
473	100	0	4.6109	4.14767	-1.83535	0.829881	-0.00385303	0.0340894	-0.119899
2222	2222	2222	2222	2222	2222	2222	2222	2222	2222
474	100	0	4.62202	4.15352	-1.84948	0.831106	-0.00483423	0.0443527	-0.115528
2222	2222	2222	2222	2222	2222	2222	2222	2222	2222
475	100	0	4.63443	4.16036	-1.86448	0.832468	-0.00979518	0.0499192	-0.115197
2222	2222	2222	2222	2222	2222	2222	2222	2222	2222
476	100	0	4.58702	4.11363	-1.85515	0.82291	-0.0148228	0.0208532	-0.146339
2222	2222	2222	2222	2222	2222	2222	2222	2222	2222
477	100	0	4.61094	4.13074	-1.87524	0.825398	-0.018219	0.0279851	-0.128696
2222	2222	2222	2222	2222	2222	2222	2222	2222	2222
478	100	0	4.61161	4.12706	-1.88575	0.823586	-0.018119	0.0274533	-0.126094
2222	2222	2222	2222	2222	2222	2222	2222	2222	2222
479	100	0	4.61894	4.12957	-1.89888	0.821912	-0.0154613	0.0246697	-0.127626
2222	2222	2222	2222	2222	2222	2222	2222	2222	2222
480	100	0	4.63503	4.13982	-1.91561	0.822098	-0.0136371	0.0228721	-0.123963
2222	2222	2222	2222	2222	2222	2222	2222	2222	2222
481	100	0	4.62888	4.13031	-1.92316	0.817639	-0.0101025	0.0116088	-0.13126
2222	2222	2222	2222	2222	2222	2222	2222	2222	2222
482	100	0	4.62489	4.12271	-1.93152	0.813717	-0.00572981	0.00590581	-0.129903
2222	2222	2222	2222	2222	2222	2222	2222	2222	2222
483	100	0	4.65625	4.14649	-1.95511	0.815395	-0.00132472	0.0139492	-0.120851
2222	2222	2222	2222	2222	2222	2222	2222	2222	2222
484	100	0	4.64739	4.13423	-1.96214	0.810186	0.00871785	0.0039862	-0.107727
2222	2222	2222	2222	2222	2222	2222	2222	2222	2222
485	100	0	4.66093	4.14207	-1.97808	0.809119	0.00951248	0.0023547	-0.116394
2222	2222	2222	2222	2222	2222	2222	2222	2222	2222
486	100	1	4.66031	4.13738	-1.98808	0.805062	0.0126259	-0.00147123	-0.108409
2222	2222	2222	2222	2222	2222	2222	2222	2222	2222
487	100	0	4.6689	4.14079	-2.00189	0.803096	0.0174032	-0.000896323	-0.0974627
2222	2222	2222	2222	2222	2222	2222	2222	2222	2222
488	100	0	4.67475	4.14169	-2.01471	0.800433	0.0155542	0.000468058	-0.103393
2222	2222	2222	2222	2222	2222	2222	2222	2222	2222
489	100	0	4.69117	4.15185	-2.03221	0.799552	0.0186635	0.0113742	-0.104614
2222	2222	2222	2222	2222	2222	2222	2222	2222	2222
490	100	0	4.69161	4.14792	-2.04249	0.796373	0.0191018	0.0102605	-0.108621
2222	2222	2222	2222	2222	2222	2222	2222	2222	2222
491	100	0	4.69436	4.14585	-2.05413	0.793384	0.0178541	0.0202399	-0.117989
2222	2222	2222	2222	2222	2222	2222	2222	2222	2222
492	100	0	4.70345	4.14947	-2.06828	0.791574	0.0176539	0.0224641	-0.118047
2222	2222	2222	2222	2222	2222	2222	2222	2222	2222
493	100	0	4.71529	4.15547	-2.08345	0.790718	0.0185364	0.0320169	-0.121647
2222	2222	2222	2222	2222	2222	2222	2222	2222	2222
494	100	0	4.72228	4.15703	-2.09658	0.789536	0.0188774	0.0386934	-0.122004
2222	2222	2222	2222	2222	2222	2222	2222	2222	2222
495	100	0	4.71969	4.15007	-2.10552	0.786863	0.0244642	0.0452361	-0.122613
2222	2222	2222	2222	2222	2222	2222	2222	2222	2222
496	100	0	4.72509	4.14998	-2.11796	0.78636	0.023037	0.0515541	-0.121742
2222	2222	2222	2222	2222	2222	2222	2222	2222	2222
497	100	0	4.73563	4.15424	-2.13281	0.78713	0.022406	0.0652036	-0.119342
2222	2222	2222	2222	2222	2222	2222	2222	2222	2222
498	100	0	4.76429	4.1742	-2.1561	0.791055	0.0276678	0.0756309	-0.0995142
2222	2222	2222	2222	2222	2222	2222	2222	2222	2222
499	100	0	4.75183	4.15802	-2.16054	0.789206	0.0293576	0.0698432	-0.106644
2222	2222	2222	2222	2222	2222	2222	2222	2222	2222
500	100	0	4.75967	4.15976	-2.17399	0.790366	0.0272584	0.0794208	-0.106278
2222	2222	2222	2222	2222	2222	2222	2222	2222	2222
501	100	0	4.74795	4.14438	-2.17831	0.788723	0.0200588	0.0778449	-0.125054
2222	2222	2222	2222	2222	2222	2222	2222	2222	2222
502	100	0	4.75571	4.14613	-2.19155	0.789641	0.0179835	0.0799435	-0.129802
2222	2222	2222	2222	2222	2222	2222	2222	2222	2222
503	100	0	4.76962	4.15322	-2.20772	0.791211	0.0124352	0.0856218	-0.119615
2222	2222	2222	2222	2222	2222	2222	2222	2222	2222
504	100	0	4.78039	4.15786	-2.22194	0.792061	0.0126312	0.0909255	-0.112558
2222	2222	2222	2222	2222	2222	2222	2222	2222	2222
505	100	0	4.80398	4.17347	-2.2424	0.795016	0.011341	0.0940341	-0.100845
2222	2222	2222	2222	2222	2222	2222	2222	2222	2222
506	100	0	4.79587	4.16197	-2.24732	0.79238	0.011274	0.0862049	-0.0971152
2222	2222	2222	2222	2222	2222	2222	2222	2222	2222
507	100	0	4.79051	4.15288	-2.25364	0.789683	0.0106617	0.0852951	-0.0933037
2222	2222	2222	2222	2222	2222	2222	2222	2222	2222
508	100	0	4.80579	4.16185	-2.26941	0.790216	0.0144354	0.0852953	-0.080997
2222	2222	2222	2222	2222	2222	2222	2222	2222	2222
509	100	0	4.81688	4.16745	-2.28275	0.789794	0.0201711	0.0910651	-0.0622273
2222	2222	2222	2222	2222	2222	2222	2222	2222	2222
510	100	0	4.79552	4.14497	-2.28072	0.783967	0.0231024	0.0709911	-0.0754131
2222	2222	2222	2222	2222	2222	2222	2222	2222	2222
511	100	0	4.82951	4.17057	-2.30451	0.787217	0.0346393	0.0860031	-0.0507049
2222	2222	2222	2222	2222	2222	2222	2222	2222	2222
512	100	0	4.83222	4.16912	-2.31357	0.785001	0.0309704	0.0832937	-0.0504184
2222	2222	2222	2222	2222	2222	2222	2222	2222	2222
513	100	0	4.82267	4.15724	-2.31655	0.780402	0.0306087	0.0762186	-0.0627515
2222	2222	2222	2222	2222	2222	2222	2222	2222	2222
514	100	0	4.84408	4.17197	-2.33423	0.781788	0.0345407	0.0815191	-0.0516702
2222	2222	2222	2222	2222	2222	2222	2222	2222	2222
515	100	0	4.83038	4.15677	-2.33441	0.777449	0.0355498	0.0727468	-0.0561682
2222	2222	2222	2222	2222	2222	2222	2222	2222	2222
516	100	0	4.84449	4.16536	-2.34828	0.777436	0.0328293	0.0798772	-0.0647556
2222	2222	2222	2222	2222	2222	2222	2222	2222	2222
517	100	0	4.8541	4.17006	-2.35983	0.777245	0.0300156	0.0824343	-0.0610669
2222	2222	2222	2222	2222	2222	2222	2222	2222	2222
518	100	0	4.86556	4.17626	-2.37248	0.777085	0.0272574	0.0881762	-0.0574916
2222	2222	2222	2222	2222	2222	2222	2222	2222	2222
519	100	0	4.84723	4.15673	-2.37071	0.772649	0.0197254	0.083409	-0.0669376
2222	2222	2222	2222	2222	2222	2222	2222	2222	2222
520	100	0	4.84403	4.15005	-2.37662	0.770304	0.00810039	0.0820754	-0.0821672
2222	2222	2222	2222	2222	2222	2222	2222	2222	2222
521	100	0	4.85809	4.15826	-2.39065	0.771126	0.00204658	0.0916005	-0.0854102
2222	2222	2222	2222	2222	2222	2222	2222	2222	2222
522	100	0	4.85436	4.15132	-2.39571	0.769336	0.000124586	0.099534	-0.0805309
2222	2222	2222	2222	2222	2222	2222	2222	2222	2222
523	100	0	4.88425	4.17278	-2.41802	0.772641	0.000598487	0.114916	-0.0660606
2222	2222	2222	2222	2222	2222	2222	2222	2222	2222
524	100	0	4.87969	4.16474	-2.42329	0.770743	-0.00564713	0.117478	-0.0782331
2222	2222	2222	2222	2222	2222	2222	2222	2222	2222
525	100	0	4.87067	4.15296	-2.42617	0.76816	-0.00859089	0.117191	-0.0788953
2222	2222	2222	2222	2222	2222	2222	2222	2222	2222
526	100	0	4.8664	4.14531	-2.43142	0.765766	-0.0113828	0.115842	-0.0758051
2222	2222	2222	2222	2222	2222	2222	2222	2222	2222
527	100	0	4.87971	4.15253	-2.4456	0.76621	-0.00848586	0.120022	-0.0754452
2222	2222	2222	2222	2222	2222	2222	2222	2222	2222
528	100	1	4.87701	4.1461	-2.45187	0.763817	-0.00832488	0.121841	-0.0825065
2222	2222	2222	2222	2222	2222	2222	2222	2222	2222
529	100	0	4.90312	4.16421	-2.4726	0.765638	-0.00475582	0.142522	-0.0788831
2222	2222	2222	2222	2222	2222	2222	2222	2222	2222
530	100	0	4.86624	4.12874	-2.4618	0.757183	-0.00694839	0.126778	-0.100964
2222	2222	2222	2222	2222	2222	2222	2222	2222	2222
531	100	1	4.88834	4.14344	-2.48068	0.757646	-0.00414264	0.143694	-0.0891234
2222	2222	2222	2222	2222	2222	2222	2222	2222	2222
532	100	1	4.9829	4.21835	-2.5384	0.768953	0.000216275	0.127336	-0.015514
2222	2222	2222	2222	2222	2222	2222	2222	2222	2222
533	100	1	4.90449	4.14868	-2.50485	0.753783	0.00478666	0.140166	-0.0964474
2222	2222	2222	2222	2222	2222	2222	2222	2222	2222
534	100	0	4.88486	4.12795	-2.50253	0.747851	-0.000628532	0.131275	-0.108326
2222	2222	2222	2222	2222	2222	2222	2222	2222	2222
535	100	0	4.88994	4.12783	-2.51333	0.745476	0.000951109	0.129851	-0.108479
2222	2222	2222	2222	2222	2222	2222	2222	2222	2222
536	100	0	4.88497	4.11932	-2.51865	0.741975	-0.00283014	0.117593	-0.123146
2222	2222	2222	2222	2222	2222	2222	2222	2222	2222
537	100	0	4.92421	4.14807	-2.54702	0.744358	0.00672192	0.132589	-0.0982543
2222	2222	2222	2222	2222	2222	2222	2222	2222	2222
538	100	0	4.92234	4.14197	-2.55404	0.741896	0.00367489	0.129717	-0.114158
2222	2222	2222	2222	2222	2222	2222	2222	2222	2222
539	100	0	4.9015	4.11983	-2.55126	0.736747	-0.00681072	0.125131	-0.136931
2222	2222	2222	2222	2222	2222	2222	2222	2222	2222
540	100	0	4.93388	4.14265	-2.57566	0.74	0.00893321	0.118685	-0.117548
2222	2222	2222	2222	2222	2222	2222	2222	2222	2222
541	100	0	4.94477	4.14718	-2.58898	0.740812	0.00776292	0.12766	-0.114431
2222	2222	2222	2222	2222	2222	2222	2222	2222	2222
542	100	0	4.94411	4.14215	-2.59601	0.739935	0.00920745	0.120459	-0.118933
2222	2222	2222	2222	2222	2222	2222	2222	2222	2222
543	100	0	4.97321	4.16214	-2.61835	0.744069	0.0179776	0.129248	-0.100681
2222	2222	2222	2222	2222	2222	2222	2222	2222	2222
544	100	0	4.94125	4.13112	-2.60827	0.739414	0.0181152	0.10921	-0.115297
2222	2222	2222	2222	2222	2222	2222	2222	2222	2222
545	100	0	4.93346	4.12039	-2.61069	0.738684	0.0190985	0.108127	-0.117778
2222	2222	2222	2222	2222	2222	2222	2222	2222	2222
546	100	0	4.9624	4.14048	-2.63231	0.74347	0.0190209	0.117726	-0.105385
2222	2222	2222	2222	2222	2222	2222	2222	2222	2222
547	100	0	4.95214	4.12801	-2.6329	0.742404	0.0169595	0.112706	-0.117163
2222	2222	2222	2222	2222	2222	2222	2222	2222	2222
548	100	0	4.97273	4.1416	-2.64925	0.746055	0.0206077	0.117793	-0.113882
2222	2222	2222	2222	2222	2222	2222	2222	2222	2222
549	100	0	4.96606	4.13256	-2.65097	0.745683	0.0200648	0.114842	-0.120712
2222	2222	2222	2222	2222	2222	2222	2222	2222	2222
550	100	0	4.98674	4.14636	-2.6672	0.749241	0.0234206	0.119759	-0.114206
2222	2222	2222	2222	2222	2222	2222	2222	2222	2222
551	100	0	5.00271	4.15682	-2.68017	0.751427	0.0246177	0.125675	-0.11383
2222	2222	2222	2222	2222	2222	2222	2222	2222	2222
552	100	0	5.00081	4.15249	-2.68353	0.750765	0.0217338	0.123668	-0.119321
2222	2222	2222	2222	2222	2222	2222	2222	2222	2222
553	100	0	4.98597	4.13794	-2.67911	0.748149	0.0190466	0.119696	-0.130668
2222	2222	2222	2222	2222	2222	2222	2222	2222	2222
554	100	0	4.98277	4.13312	-2.68104	0.746573	0.0191797	0.117881	-0.122781
2222	2222	2222	2222	2222	2222	2222	2222	2222	2222
555	100	0	5.0111	4.15443	-2.69986	0.750104	0.0240384	0.126658	-0.116239
2222	2222	2222	2222	2222	2222	2222	2222	2222	2222
556	100	0	4.99769	4.14127	-2.69615	0.74676	0.0184926	0.119087	-0.118934
2222	2222	2222	2222	2222	2222	2222	2222	2222	2222
557	100	0	5.02613	4.16291	-2.71494	0.749173	0.0225462	0.125798	-0.112625
2222	2222	2222	2222	2222	2222	2222	2222	2222	2222
558	100	0	5.02751	4.16225	-2.71892	0.747664	0.0219485	0.120503	-0.112593
2222	2222	2222	2222	2222	2222	2222	2222	2222	2222
559	100	0	5.0335	4.16573	-2.72512	0.746008	0.0161328	0.129776	-0.116047
2222	2222	2222	2222	2222	2222	2222	2222	2222	2222
560	100	0	5.03602	4.16601	-2.72998	0.743694	0.0143167	0.12632	-0.119781
2222	2222	2222	2222	2222	2222	2222	2222	2222	2222
561	100	0	5.04303	4.17029	-2.73686	0.741884	0.0158879	0.125795	-0.111312
2222	2222	2222	2222	2222	2222	2222	2222	2222	2222
562	100	0	5.07141	4.192	-2.75568	0.743323	0.0130567	0.134488	-0.0938328
2222	2222	2222	2222	2222	2222	2222	2222	2222	2222
563	100	0	5.05652	4.17819	-2.75078	0.737755	0.010773	0.126669	-0.0927186
2222	2222	2222	2222	2222	2222	2222	2222	2222	2222
564	100	0	5.08347	4.19868	-2.76898	0.738583	0.0126971	0.138083	-0.0730442
2222	2222	2222	2222	2222	2222	2222	2222	2222	2222
565	100	1	5.08887	4.20156	-2.77521	0.735986	0.00589955	0.144549	-0.0859578
2222	2222	2222	2222	2222	2222	2222	2222	2222	2222
566	100	0	5.09796	4.20733	-2.78374	0.73372	0.00764631	0.14952	-0.0882085
2222	2222	2222	2222	2222	2222	2222	2222	2222	2222
2222	2222	2222	2222	2222	2222	2222	2222	2222	2222
2222	2222	2222	2222	2222	2222	2222	2222	2222	2222
2222	2222	2222	2222	2222	2222	2222	2222	2222	2222
2222	2222	2222	2222	2222	2222	2222	2222	2222	2222
2222	2222	2222	2222	2222	2222	2222	2222	2222	2222
2222	2222	2222	2222	2222	2222	2222	2222	2222	2222
2222	2222	2222	2222	2222	2222	2222	2222	2222	2222
2222	2222	2222	2222	2222	2222	2222	2222	2222	2222
2222	2222	2222	2222	2222	2222	2222	2222	2222	2222
2222	2222	2222	2222	2222	2222	2222	2222	2222	2222
2222	2222	2222	2222	2222	2222	2222	2222	2222	2222
2222	2222	2222	2222	2222	2222	2222	2222	2222	2222
2222	2222	2222	2222	2222	2222	2222	2222	2222	2222
2222	2222	2222	2222	2222	2222	2222	2222	2222	2222
2222	2222	2222	2222	2222	2222	2222	2222	2222	2222
2222	2222	2222	2222	2222	2222	2222	2222	2222	2222
2222	2222	2222	2222	2222	2222	2222	2222	2222	2222
2222	2222	2222	2222	2222	2222	2222	2222	2222	2222
2222	2222	2222	2222	2222	2222	2222	2222	2222	2222
2222	2222	2222	2222	2222	2222	2222	2222	2222	2222
2222	2222	2222	2222	2222	2222	2222	2222	2222	2222
2222	2222	2222	2222	2222	2222	2222	2222	2222	2222
2222	2222	2222	2222	2222	2222	2222	2222	2222	2222
2222	2222	2222	2222	2222	2222	2222	2222	2222	2222
2222	2222	2222	2222	2222	2222	2222	2222	2222	2222
2222	2222	2222	2222	2222	2222	2222	2222	2222	2222
2222	2222	2222	2222	2222	2222	2222	2222	2222	2222
2222	2222	2222	2222	2222	2222	2222	2222	2222	2222
2222	2222	2222	2222	2222	2222	2222	2222	2222	2222
2222	2222	2222	2222	2222	2222	2222	2222	2222	2222
2222	2222	2222	2222	2222	2222	2222	2222	2222	2222
2222	2222	2222	2222	2222	2222	2222	2222	2222	2222
2222	2222	2222	2222	2222	2222	2222	2222	2222	2222
2222	2222	2222	2222	2222	2222	2222	2222	2222	2222
2222	2222	2222	2222	2222	2222	2222	2222	2222	2222
2222	2222	2222	2222	2222	2222	2222	2222	2222	2222
2222	2222	2222	2222	2222	2222	2222	2222	2222	2222
2222	2222	2222	2222	2222	2222	2222	2222	2222	2222
2222	2222	2222	2222	2222	2222	2222	2222	2222	2222
2222	2222	2222	2222	2222	2222	2222	2222	2222	2222
2222	2222	2222	2222	2222	2222	2222	2222	2222	2222
2222	2222	2222	2222	2222	2222	2222	2222	2222	2222
2222	2222	2222	2222	2222	2222	2222	2222	2222	2222
2222	2222	2222	2222	2222	2222	2222	2222	2222	2222
2222	2222	2222	2222	2222	2222	2222	2222	2222	2222
2222	2222	2222	2222	2222	2222	2222	2222	2222	2222
2222	2222	2222	2222	2222	2222	2222	2222	2222	2222
2222	2222	2222	2222	2222	2222	2222	2222	2222	2222
2222	2222	2222	2222	2222	2222	2222	2222	2222	2222
616	100	1	5.5689	4.64895	-2.97994	0.720971	-0.0483607	0.142939	0.0116437
2222	2222	2222	2222	2222	2222	2222	2222	2222	2222
