frameId	detectionId	distance	projX	projY	projZ
0	100	6.23721241645	6.22969	0.301185	-0.055397
2222	2222	2222	2222	2222	2222
1	100	6.22631857408	6.21885	0.299713	-0.055855
2222	2222	2222	2222	2222	2222
2	100	6.22679714638	6.21925	0.301484	-0.055132
2222	2222	2222	2222	2222	2222
3	100	6.22163215318	6.21409	0.301373	-0.054465
2222	2222	2222	2222	2222	2222
4	100	6.21519756001	6.20768	0.30077	-0.054103
2222	2222	2222	2222	2222	2222
5	100	6.21637990276	6.20885	0.301293	-0.052757
2222	2222	2222	2222	2222	2222
6	100	6.22215768678	6.21459	0.302472	-0.051265
2222	2222	2222	2222	2222	2222
7	100	6.22077854203	6.21322	0.302384	-0.050466
2222	2222	2222	2222	2222	2222
8	100	6.21879054887	6.21124	0.302155	-0.050556
2222	2222	2222	2222	2222	2222
9	100	6.20561706879	6.19812	0.300439	-0.052231
2222	2222	2222	2222	2222	2222
10	100	6.19641818394	6.18893	0.299771	-0.053676
2222	2222	2222	2222	2222	2222
11	100	6.19670161586	6.18914	0.301224	-0.054047
2222	2222	2222	2222	2222	2222
12	100	6.20362015002	6.19595	0.303676	-0.053735
2222	2222	2222	2222	2222	2222
13	100	6.20754154266	6.19977	0.305853	-0.053646
2222	2222	2222	2222	2222	2222
14	100	6.1999330201	6.19213	0.306133	-0.054572
2222	2222	2222	2222	2222	2222
15	100	6.21245232413	6.20452	0.30949	-0.052071
2222	2222	2222	2222	2222	2222
16	100	6.21400663963	6.20603	0.310625	-0.050816
2222	2222	2222	2222	2222	2222
17	100	6.19622354336	6.18831	0.30846	-0.05346
2222	2222	2222	2222	2222	2222
18	100	6.22195710315	6.2139	0.31235	-0.051327
2222	2222	2222	2222	2222	2222
19	100	6.21071262876	6.20277	0.309616	-0.052284
2222	2222	2222	2222	2222	2222
20	100	6.21276692264	6.20489	0.308578	-0.050917
2222	2222	2222	2222	2222	2222
21	100	6.22509091765	6.21721	0.309347	-0.048592
2222	2222	2222	2222	2222	2222
22	100	6.20370609609	6.196	0.30483	-0.051303
2222	2222	2222	2222	2222	2222
23	100	6.21537612154	6.20759	0.306759	-0.051241
2222	2222	2222	2222	2222	2222
24	100	6.21709574141	6.20927	0.307328	-0.052868
2222	2222	2222	2222	2222	2222
25	100	6.22123253778	6.21335	0.308164	-0.055236
2222	2222	2222	2222	2222	2222
26	100	6.21294491291	6.20508	0.307027	-0.058319
2222	2222	2222	2222	2222	2222
27	100	6.22812682028	6.22016	0.309447	-0.058445
2222	2222	2222	2222	2222	2222
28	100	6.22503231485	6.21707	0.308848	-0.06067
2222	2222	2222	2222	2222	2222
29	100	6.22381867015	6.21586	0.308289	-0.062938
2222	2222	2222	2222	2222	2222
30	100	6.20487099941	6.19704	0.304395	-0.066806
2222	2222	2222	2222	2222	2222
31	100	6.21775823551	6.20985	0.306167	-0.067396
2222	2222	2222	2222	2222	2222
32	100	6.20380350901	6.19597	0.303662	-0.070165
2222	2222	2222	2222	2222	2222
33	100	6.20836856976	6.20051	0.304361	-0.06986
2222	2222	2222	2222	2222	2222
34	100	6.20825047108	6.20041	0.304009	-0.069773
2222	2222	2222	2222	2222	2222
35	100	6.19133887783	6.1836	0.301261	-0.070781
2222	2222	2222	2222	2222	2222
36	100	6.19163477455	6.1839	0.301328	-0.070167
2222	2222	2222	2222	2222	2222
37	100	6.20468786561	6.19685	0.304292	-0.067882
2222	2222	2222	2222	2222	2222
38	100	6.22084354847	6.21287	0.307886	-0.065932
2222	2222	2222	2222	2222	2222
39	100	6.22619847678	6.21815	0.309739	-0.06496
2222	2222	2222	2222	2222	2222
40	100	6.21008923255	6.20208	0.30813	-0.066842
2222	2222	2222	2222	2222	2222
41	100	6.23294345907	6.22473	0.313161	-0.065198
2222	2222	2222	2222	2222	2222
42	100	6.22508195355	6.21686	0.312533	-0.067972
2222	2222	2222	2222	2222	2222
43	100	6.21712015438	6.20888	0.312102	-0.070601
2222	2222	2222	2222	2222	2222
44	100	6.21557765795	6.20729	0.312679	-0.07203
2222	2222	2222	2222	2222	2222
45	100	6.22529119746	6.21692	0.314654	-0.071757
2222	2222	2222	2222	2222	2222
46	100	6.22642462747	6.21801	0.315449	-0.072161
2222	2222	2222	2222	2222	2222
47	100	6.22180331423	6.21338	0.315246	-0.073249
2222	2222	2222	2222	2222	2222
48	100	6.21318452795	6.20478	0.314392	-0.074329
2222	2222	2222	2222	2222	2222
49	100	6.21630007725	6.20786	0.315205	-0.074207
2222	2222	2222	2222	2222	2222
50	100	6.23038059367	6.22181	0.318496	-0.072684
2222	2222	2222	2222	2222	2222
51	100	6.22804258646	6.21944	0.318979	-0.073027
2222	2222	2222	2222	2222	2222
52	100	6.21857036512	6.20997	0.318434	-0.074093
2222	2222	2222	2222	2222	2222
53	100	6.22005997549	6.21144	0.318993	-0.073503
2222	2222	2222	2222	2222	2222
54	100	6.22990433705	6.2212	0.321415	-0.071211
2222	2222	2222	2222	2222	2222
55	100	6.21667243489	6.20803	0.319837	-0.071302
2222	2222	2222	2222	2222	2222
56	100	6.22175900957	6.21306	0.32148	-0.069435
2222	2222	2222	2222	2222	2222
57	100	6.22361184855	6.21487	0.322706	-0.067795
2222	2222	2222	2222	2222	2222
58	100	6.23786075934	6.229	0.326228	-0.06357
2222	2222	2222	2222	2222	2222
59	100	6.22913441541	6.22032	0.325545	-0.061279
2222	2222	2222	2222	2222	2222
60	100	6.2203034944	6.21153	0.325083	-0.058238
2222	2222	2222	2222	2222	2222
61	100	6.21912180253	6.21035	0.325779	-0.053823
2222	2222	2222	2222	2222	2222
62	100	6.21646575508	6.2077	0.326377	-0.048839
2222	2222	2222	2222	2222	2222
63	100	6.22610728452	6.21727	0.328901	-0.042306
2222	2222	2222	2222	2222	2222
64	100	6.20826061484	6.19956	0.326342	-0.038165
2222	2222	2222	2222	2222	2222
65	100	6.20418046275	6.19551	0.326369	-0.031533
2222	2222	2222	2222	2222	2222
66	100	6.19710629425	6.18848	0.325941	-0.02458
2222	2222	2222	2222	2222	2222
67	100	6.20026369562	6.19162	0.32691	-0.015541
2222	2222	2222	2222	2222	2222
68	100	6.18951184514	6.18097	0.324962	-0.008151
2222	2222	2222	2222	2222	2222
69	100	6.16676501029	6.15841	0.320898	-0.001199
2222	2222	2222	2222	2222	2222
70	100	6.16657940934	6.15825	0.320306	0.007913
2222	2222	2222	2222	2222	2222
71	100	6.16864105092	6.16028	0.320511	0.018853
2222	2222	2222	2222	2222	2222
72	100	6.16153713888	6.15322	0.31879	0.028222
2222	2222	2222	2222	2222	2222
73	100	6.17277605492	6.16433	0.320178	0.04106
2222	2222	2222	2222	2222	2222
74	100	6.16825026531	6.15981	0.318481	0.051205
2222	2222	2222	2222	2222	2222
75	100	6.15542653041	6.14702	0.315636	0.061602
2222	2222	2222	2222	2222	2222
76	100	6.16481274192	6.15621	0.316848	0.074846
2222	2222	2222	2222	2222	2222
77	100	6.15751516249	6.14883	0.315287	0.086468
2222	2222	2222	2222	2222	2222
78	100	6.1561769328	6.14734	0.314765	0.098226
2222	2222	2222	2222	2222	2222
79	100	6.13576523315	6.12694	0.31116	0.106774
2222	2222	2222	2222	2222	2222
80	100	6.14831762739	6.13915	0.313281	0.120424
2222	2222	2222	2222	2222	2222
81	100	6.12668714604	6.1175	0.309769	0.128578
2222	2222	2222	2222	2222	2222
82	100	6.1383234324	6.12876	0.312181	0.14092
2222	2222	2222	2222	2222	2222
83	100	6.128573121	6.11885	0.311315	0.148883
2222	2222	2222	2222	2222	2222
84	100	6.13812105725	6.128	0.314251	0.15935
2222	2222	2222	2222	2222	2222
85	100	6.14042177408	6.13001	0.3154	0.168166
2222	2222	2222	2222	2222	2222
86	100	6.13545285133	6.12486	0.315269	0.174577
2222	2222	2222	2222	2222	2222
87	100	6.14052832593	6.12962	0.316992	0.182655
2222	2222	2222	2222	2222	2222
88	100	6.12974628916	6.11876	0.315973	0.186351
2222	2222	2222	2222	2222	2222
89	100	6.123629963	6.11253	0.315422	0.190604
2222	2222	2222	2222	2222	2222
90	100	6.11042739186	6.09931	0.313815	0.19303
2222	2222	2222	2222	2222	2222
91	100	6.12094083112	6.1095	0.316174	0.199901
2222	2222	2222	2222	2222	2222
92	100	6.13199471318	6.12022	0.318993	0.206179
2222	2222	2222	2222	2222	2222
93	100	6.11630303174	6.10454	0.316883	0.208181
2222	2222	2222	2222	2222	2222
94	100	6.11601716987	6.10403	0.318021	0.212947
2222	2222	2222	2222	2222	2222
95	100	6.12676582019	6.11439	0.321298	0.219686
2222	2222	2222	2222	2222	2222
96	100	6.12864469754	6.116	0.322814	0.224991
2222	2222	2222	2222	2222	2222
97	100	6.12813311247	6.1152	0.32401	0.231002
2222	2222	2222	2222	2222	2222
98	100	6.10542557907	6.0925	0.321384	0.23319
2222	2222	2222	2222	2222	2222
99	100	6.12969611781	6.11605	0.327544	0.244585
2222	2222	2222	2222	2222	2222
100	100	6.11815489227	6.1043	0.327147	0.249631
2222	2222	2222	2222	2222	2222
101	100	6.13001655659	6.11558	0.3307	0.259657
2222	2222	2222	2222	2222	2222
102	100	6.12869598431	6.1139	0.331247	0.267239
2222	2222	2222	2222	2222	2222
103	100	6.14095171081	6.12556	0.334586	0.277227
2222	2222	2222	2222	2222	2222
104	100	6.13325022642	6.11756	0.334302	0.283655
2222	2222	2222	2222	2222	2222
105	100	6.13055355565	6.11453	0.334587	0.290278
2222	2222	2222	2222	2222	2222
106	100	6.13145405288	6.11504	0.335079	0.297887
2222	2222	2222	2222	2222	2222
107	100	6.13941572831	6.12255	0.336638	0.305748
2222	2222	2222	2222	2222	2222
108	100	6.13580687094	6.1187	0.336037	0.310991
2222	2222	2222	2222	2222	2222
109	100	6.1348885439	6.11755	0.335877	0.315636
2222	2222	2222	2222	2222	2222
110	100	6.1401099676	6.12252	0.336276	0.32034
2222	2222	2222	2222	2222	2222
111	100	6.12338779481	6.10596	0.33296	0.319794
2222	2222	2222	2222	2222	2222
112	100	6.1244627094	6.10703	0.332042	0.320899
2222	2222	2222	2222	2222	2222
113	100	6.13200847821	6.11438	0.332933	0.3241
2222	2222	2222	2222	2222	2222
114	100	6.12146737734	6.10421	0.32821	0.321343
2222	2222	2222	2222	2222	2222
115	100	6.12924172716	6.11187	0.330053	0.322047
2222	2222	2222	2222	2222	2222
116	100	6.14335590284	6.12587	0.331105	0.323895
2222	2222	2222	2222	2222	2222
117	100	6.14830122462	6.13092	0.330845	0.322443
2222	2222	2222	2222	2222	2222
118	100	6.13953474426	6.12248	0.328194	0.318456
2222	2222	2222	2222	2222	2222
119	100	6.16281781396	6.14565	0.330849	0.319137
2222	2222	2222	2222	2222	2222
120	100	6.15794956093	6.14114	0.328878	0.313977
2222	2222	2222	2222	2222	2222
121	100	6.15846881524	6.14195	0.327826	0.309384
2222	2222	2222	2222	2222	2222
122	100	6.15675654844	6.14058	0.326163	0.304214
2222	2222	2222	2222	2222	2222
123	100	6.11627298792	6.10112	0.316891	0.29105
2222	2222	2222	2222	2222	2222
124	100	6.12468122871	6.10967	0.318541	0.286678
2222	2222	2222	2222	2222	2222
125	100	6.16598533298	6.15068	0.324063	0.288953
2222	2222	2222	2222	2222	2222
126	100	6.17980135617	6.16461	0.324849	0.286359
2222	2222	2222	2222	2222	2222
2222	2222	2222	2222	2222	2222
2222	2222	2222	2222	2222	2222
2222	2222	2222	2222	2222	2222
2222	2222	2222	2222	2222	2222
2222	2222	2222	2222	2222	2222
132	100	6.14192969553	6.12846	0.316835	0.254743
2222	2222	2222	2222	2222	2222
133	100	6.13445915352	6.12119	0.315574	0.251068
2222	2222	2222	2222	2222	2222
134	100	6.13333189004	6.12014	0.315414	0.24932
2222	2222	2222	2222	2222	2222
135	100	6.13388448933	6.1207	0.31583	0.24864
2222	2222	2222	2222	2222	2222
136	100	6.13244967178	6.11927	0.316033	0.248187
2222	2222	2222	2222	2222	2222
137	100	6.13321014357	6.12	0.316535	0.248339
2222	2222	2222	2222	2222	2222
138	100	6.14468805121	6.13126	0.319453	0.250583
2222	2222	2222	2222	2222	2222
139	100	6.13203830279	6.11874	0.318168	0.248362
2222	2222	2222	2222	2222	2222
140	100	6.13406780631	6.12067	0.31971	0.248942
2222	2222	2222	2222	2222	2222
141	100	6.12687269436	6.1135	0.319755	0.247878
2222	2222	2222	2222	2222	2222
142	100	6.12501521998	6.11158	0.320838	0.24792
2222	2222	2222	2222	2222	2222
143	100	6.12347204836	6.10996	0.322024	0.248192
2222	2222	2222	2222	2222	2222
144	100	6.12382326939	6.11022	0.323401	0.248666
2222	2222	2222	2222	2222	2222
145	100	6.11167068744	6.09815	0.32274	0.246828
2222	2222	2222	2222	2222	2222
146	100	6.11371547147	6.10008	0.324687	0.247223
2222	2222	2222	2222	2222	2222
147	100	6.11671464746	6.10296	0.326672	0.247715
2222	2222	2222	2222	2222	2222
148	100	6.1112851451	6.09752	0.327439	0.246657
2222	2222	2222	2222	2222	2222
149	100	6.10281810959	6.08908	0.328016	0.244743
2222	2222	2222	2222	2222	2222
150	100	6.10306911604	6.08926	0.329969	0.243897
2222	2222	2222	2222	2222	2222
151	100	6.09678138495	6.08299	0.330703	0.242098
2222	2222	2222	2222	2222	2222
152	100	6.09624461568	6.08239	0.332455	0.241255
2222	2222	2222	2222	2222	2222
153	100	6.08484139339	6.07109	0.332081	0.238502
2222	2222	2222	2222	2222	2222
154	100	6.0911994269	6.0773	0.334563	0.239171
2222	2222	2222	2222	2222	2222
155	100	6.08961229842	6.07566	0.336483	0.237724
2222	2222	2222	2222	2222	2222
156	100	6.08929420171	6.07529	0.338357	0.236368
2222	2222	2222	2222	2222	2222
157	100	6.08214339508	6.06819	0.338897	0.233853
2222	2222	2222	2222	2222	2222
158	100	6.06973174593	6.0559	0.338569	0.230412
2222	2222	2222	2222	2222	2222
159	100	6.07418972002	6.06027	0.340177	0.230625
2222	2222	2222	2222	2222	2222
160	100	6.07667417165	6.06264	0.342439	0.230436
2222	2222	2222	2222	2222	2222
161	100	6.08034762917	6.0662	0.344422	0.230691
2222	2222	2222	2222	2222	2222
162	100	6.07218669557	6.05809	0.344328	0.228987
2222	2222	2222	2222	2222	2222
163	100	6.08206813021	6.06773	0.34735	0.231416
2222	2222	2222	2222	2222	2222
164	100	6.07464217474	6.06029	0.347433	0.231199
2222	2222	2222	2222	2222	2222
165	100	6.08716436296	6.07247	0.351028	0.235494
2222	2222	2222	2222	2222	2222
166	100	6.07931059721	6.06456	0.350954	0.23656
2222	2222	2222	2222	2222	2222
167	100	6.0832712781	6.06826	0.352791	0.240725
2222	2222	2222	2222	2222	2222
168	100	6.09094777043	6.07561	0.354782	0.24645
2222	2222	2222	2222	2222	2222
169	100	6.09501226507	6.07937	0.356456	0.251742
2222	2222	2222	2222	2222	2222
170	100	6.11099733013	6.09486	0.35991	0.259682
2222	2222	2222	2222	2222	2222
171	100	6.10995100807	6.09355	0.360486	0.264952
2222	2222	2222	2222	2222	2222
172	100	6.11210171463	6.09537	0.361561	0.271156
2222	2222	2222	2222	2222	2222
173	100	6.11600930055	6.09897	0.362513	0.276982
2222	2222	2222	2222	2222	2222
174	100	6.12637352209	6.109	0.36305	0.284194
2222	2222	2222	2222	2222	2222
2222	2222	2222	2222	2222	2222
2222	2222	2222	2222	2222	2222
2222	2222	2222	2222	2222	2222
2222	2222	2222	2222	2222	2222
2222	2222	2222	2222	2222	2222
2222	2222	2222	2222	2222	2222
2222	2222	2222	2222	2222	2222
2222	2222	2222	2222	2222	2222
2222	2222	2222	2222	2222	2222
2222	2222	2222	2222	2222	2222
2222	2222	2222	2222	2222	2222
2222	2222	2222	2222	2222	2222
2222	2222	2222	2222	2222	2222
2222	2222	2222	2222	2222	2222
2222	2222	2222	2222	2222	2222
2222	2222	2222	2222	2222	2222
2222	2222	2222	2222	2222	2222
2222	2222	2222	2222	2222	2222
2222	2222	2222	2222	2222	2222
194	100	6.1842938982	6.16194	0.410775	0.327491
2222	2222	2222	2222	2222	2222
195	100	6.14772520563	6.12588	0.406882	0.32026
2222	2222	2222	2222	2222	2222
196	100	6.15273197362	6.13061	0.410493	0.32129
2222	2222	2222	2222	2222	2222
197	100	6.14799246452	6.12586	0.411221	0.320231
2222	2222	2222	2222	2222	2222
198	100	6.14869892003	6.12649	0.412685	0.319859
2222	2222	2222	2222	2222	2222
199	100	6.15088528837	6.12845	0.415812	0.320298
2222	2222	2222	2222	2222	2222
200	100	6.16476114053	6.14193	0.420143	0.323196
2222	2222	2222	2222	2222	2222
201	100	6.13920589198	6.11667	0.418142	0.318362
2222	2222	2222	2222	2222	2222
202	100	6.12776617696	6.10537	0.417628	0.315535
2222	2222	2222	2222	2222	2222
203	100	6.14126399934	6.11843	0.422678	0.318247
2222	2222	2222	2222	2222	2222
204	100	6.12423774655	6.10158	0.422135	0.314343
2222	2222	2222	2222	2222	2222
2222	2222	2222	2222	2222	2222
2222	2222	2222	2222	2222	2222
207	100	6.16464563172	6.14061	0.438962	0.321056
2222	2222	2222	2222	2222	2222
208	100	6.16664368939	6.14238	0.442185	0.321146
2222	2222	2222	2222	2222	2222
209	100	6.1709145496	6.14649	0.445051	0.320588
2222	2222	2222	2222	2222	2222
210	100	6.17201516102	6.14737	0.448105	0.320648
2222	2222	2222	2222	2222	2222
211	100	6.17323145843	6.14847	0.45049	0.319628
2222	2222	2222	2222	2222	2222
212	100	6.18749599945	6.16237	0.455265	0.320993
2222	2222	2222	2222	2222	2222
213	100	6.20766101414	6.18202	0.461214	0.323984
2222	2222	2222	2222	2222	2222
214	100	6.17403043507	6.14896	0.457092	0.316243
2222	2222	2222	2222	2222	2222
2222	2222	2222	2222	2222	2222
216	100	6.16303287611	6.13796	0.459335	0.312142
2222	2222	2222	2222	2222	2222
2222	2222	2222	2222	2222	2222
218	100	6.15622464929	6.13125	0.459574	0.309301
2222	2222	2222	2222	2222	2222
219	100	6.16300043754	6.13777	0.462696	0.310268
2222	2222	2222	2222	2222	2222
220	100	6.19053505419	6.16461	0.470244	0.314926
2222	2222	2222	2222	2222	2222
221	100	6.15901088273	6.13384	0.463009	0.308293
2222	2222	2222	2222	2222	2222
222	100	6.17672966568	6.15115	0.4671	0.311706
2222	2222	2222	2222	2222	2222
223	100	6.17280554314	6.14732	0.466292	0.310736
2222	2222	2222	2222	2222	2222
224	100	6.18410437039	6.15836	0.468829	0.312967
2222	2222	2222	2222	2222	2222
225	100	6.20500555768	6.17882	0.472983	0.317119
2222	2222	2222	2222	2222	2222
226	100	6.17373462678	6.14841	0.464128	0.310868
2222	2222	2222	2222	2222	2222
227	100	6.18955786418	6.16399	0.466363	0.313623
2222	2222	2222	2222	2222	2222
228	100	6.20580140457	6.18005	0.467417	0.316977
2222	2222	2222	2222	2222	2222
229	100	6.21597135192	6.19029	0.46562	0.319073
2222	2222	2222	2222	2222	2222
230	100	6.19859541415	6.17346	0.459814	0.315512
2222	2222	2222	2222	2222	2222
231	100	6.19129109909	6.16653	0.454969	0.314637
2222	2222	2222	2222	2222	2222
232	100	6.19030757917	6.16592	0.449951	0.314456
2222	2222	2222	2222	2222	2222
233	100	6.18786453036	6.16388	0.444557	0.314038
2222	2222	2222	2222	2222	2222
234	100	6.1914454687	6.1679	0.438637	0.314013
2222	2222	2222	2222	2222	2222
2222	2222	2222	2222	2222	2222
236	100	6.20448216801	6.18164	0.427676	0.316258
2222	2222	2222	2222	2222	2222
237	100	6.18347379228	6.16159	0.416018	0.311586
2222	2222	2222	2222	2222	2222
238	100	6.18905856703	6.16763	0.408575	0.312814
2222	2222	2222	2222	2222	2222
239	100	6.20769070528	6.18651	0.403171	0.316182
2222	2222	2222	2222	2222	2222
240	100	6.187729354	6.16756	0.389816	0.311836
2222	2222	2222	2222	2222	2222
241	100	6.19287758453	6.17322	0.380863	0.313099
2222	2222	2222	2222	2222	2222
242	100	6.19146683585	6.17241	0.370444	0.313668
2222	2222	2222	2222	2222	2222
243	100	6.18948147696	6.17112	0.358876	0.313316
2222	2222	2222	2222	2222	2222
244	100	6.20235689176	6.18441	0.349829	0.316107
2222	2222	2222	2222	2222	2222
245	100	6.20894290234	6.19154	0.338992	0.31763
2222	2222	2222	2222	2222	2222
246	100	6.20710340504	6.19043	0.325923	0.316991
2222	2222	2222	2222	2222	2222
247	100	6.22944431432	6.21309	0.316056	0.321866
2222	2222	2222	2222	2222	2222
248	100	6.20535872057	6.18999	0.299882	0.31713
2222	2222	2222	2222	2222	2222
249	100	6.19148400223	6.17696	0.283235	0.315305
2222	2222	2222	2222	2222	2222
250	100	6.2022914318	6.1882	0.27107	0.317995
2222	2222	2222	2222	2222	2222
2222	2222	2222	2222	2222	2222
252	100	6.22650803425	6.21311	0.249347	0.323253
2222	2222	2222	2222	2222	2222
2222	2222	2222	2222	2222	2222
254	100	6.21389787989	6.20185	0.217719	0.319659
2222	2222	2222	2222	2222	2222
255	100	6.24278610253	6.23078	0.209833	0.32516
2222	2222	2222	2222	2222	2222
256	100	6.25070948241	6.23909	0.19646	0.326387
2222	2222	2222	2222	2222	2222
257	100	6.25574063819	6.24453	0.183149	0.326485
2222	2222	2222	2222	2222	2222
258	100	6.23648907652	6.22601	0.164707	0.321663
2222	2222	2222	2222	2222	2222
259	100	6.24707090322	6.23679	0.15385	0.323536
2222	2222	2222	2222	2222	2222
260	100	6.24320655688	6.23334	0.139892	0.321762
2222	2222	2222	2222	2222	2222
261	100	6.25061308408	6.24096	0.126835	0.323257
2222	2222	2222	2222	2222	2222
262	100	6.24801531329	6.23865	0.112942	0.322778
2222	2222	2222	2222	2222	2222
263	100	6.23983341758	6.23078	0.098525	0.321239
2222	2222	2222	2222	2222	2222
264	100	6.24588443176	6.23691	0.086542	0.323321
2222	2222	2222	2222	2222	2222
265	100	6.24201253351	6.23317	0.073518	0.323894
2222	2222	2222	2222	2222	2222
2222	2222	2222	2222	2222	2222
267	100	6.2544889602	6.2456	0.05026	0.329525
2222	2222	2222	2222	2222	2222
268	100	6.24576121188	6.23696	0.037481	0.32933
2222	2222	2222	2222	2222	2222
269	100	6.27319297588	6.26406	0.026574	0.337337
2222	2222	2222	2222	2222	2222
270	100	6.24793850748	6.23896	0.014632	0.334514
2222	2222	2222	2222	2222	2222
271	100	6.24002288056	6.231	0.002563	0.335437
2222	2222	2222	2222	2222	2222
272	100	6.24942907246	6.24019	-0.007028	0.339622
2222	2222	2222	2222	2222	2222
273	100	6.23504660505	6.22581	-0.018885	0.338732
2222	2222	2222	2222	2222	2222
274	100	6.25075380414	6.2412	-0.027602	0.34436
2222	2222	2222	2222	2222	2222
275	100	6.23300071233	6.22347	-0.039782	0.342252
2222	2222	2222	2222	2222	2222
276	100	6.24476644144	6.23496	-0.048981	0.346385
2222	2222	2222	2222	2222	2222
277	100	6.24226049982	6.23234	-0.059418	0.346733
2222	2222	2222	2222	2222	2222
278	100	6.24429749312	6.23418	-0.069217	0.348511
2222	2222	2222	2222	2222	2222
279	100	6.25490468021	6.2445	-0.077997	0.352092
2222	2222	2222	2222	2222	2222
280	100	6.25830514641	6.2477	-0.086551	0.353747
2222	2222	2222	2222	2222	2222
281	100	6.23139878468	6.22083	-0.097837	0.349332
2222	2222	2222	2222	2222	2222
282	100	6.24424069334	6.23338	-0.105864	0.352574
2222	2222	2222	2222	2222	2222
283	100	6.2455272005	6.23449	-0.11461	0.353
2222	2222	2222	2222	2222	2222
284	100	6.23521935666	6.22407	-0.123447	0.351673
2222	2222	2222	2222	2222	2222
285	100	6.23805201799	6.22667	-0.131516	0.352955
2222	2222	2222	2222	2222	2222
286	100	6.24279697298	6.23117	-0.138811	0.354635
2222	2222	2222	2222	2222	2222
287	100	6.23343071368	6.22167	-0.147034	0.353358
2222	2222	2222	2222	2222	2222
288	100	6.22700291384	6.21506	-0.155173	0.352868
2222	2222	2222	2222	2222	2222
289	100	6.22567060526	6.21351	-0.162745	0.353245
2222	2222	2222	2222	2222	2222
290	100	6.21302756685	6.20073	-0.171	0.351309
2222	2222	2222	2222	2222	2222
291	100	6.23093946487	6.21826	-0.177475	0.35546
2222	2222	2222	2222	2222	2222
292	100	6.20860927386	6.19586	-0.18629	0.351346
2222	2222	2222	2222	2222	2222
293	100	6.21834808132	6.20525	-0.193052	0.354198
2222	2222	2222	2222	2222	2222
294	100	6.21055831727	6.19725	-0.201119	0.353098
2222	2222	2222	2222	2222	2222
295	100	6.20568875355	6.1921	-0.209028	0.353239
2222	2222	2222	2222	2222	2222
296	100	6.18618733269	6.17242	-0.217897	0.350237
2222	2222	2222	2222	2222	2222
297	100	6.19597583064	6.18181	-0.225192	0.35303
2222	2222	2222	2222	2222	2222
298	100	6.19257042608	6.17807	-0.233466	0.353374
2222	2222	2222	2222	2222	2222
299	100	6.19320059084	6.17835	-0.241248	0.354294
2222	2222	2222	2222	2222	2222
300	100	6.1981017096	6.18282	-0.249382	0.356385
2222	2222	2222	2222	2222	2222
301	100	6.19300683737	6.17739	-0.25739	0.356282
2222	2222	2222	2222	2222	2222
302	100	6.18448216588	6.16851	-0.26604	0.355706
2222	2222	2222	2222	2222	2222
303	100	6.19860219543	6.1821	-0.273817	0.359629
2222	2222	2222	2222	2222	2222
304	100	6.20077550761	6.18381	-0.282343	0.3611
2222	2222	2222	2222	2222	2222
305	100	6.19100178728	6.17364	-0.291005	0.360539
2222	2222	2222	2222	2222	2222
306	100	6.17787070294	6.16012	-0.300153	0.359049
2222	2222	2222	2222	2222	2222
307	100	6.17687183909	6.15863	-0.309061	0.359866
2222	2222	2222	2222	2222	2222
308	100	6.1841905342	6.16534	-0.3177743	0.363063
2222	2222	2222	2222	2222	2222
309	100	6.18217782374	6.16277	-0.3269539	0.364266
2222	2222	2222	2222	2222	2222
310	100	6.18549872527	6.16549	-0.3360504	0.36633
2222	2222	2222	2222	2222	2222
311	100	6.17939962747	6.15882	-0.3453489	0.366947
2222	2222	2222	2222	2222	2222
312	100	6.16430774461	6.14321	-0.3552011	0.365367
2222	2222	2222	2222	2222	2222
313	100	6.18823232876	6.16628	-0.3644708	0.371983
2222	2222	2222	2222	2222	2222
314	100	6.18293123146	6.16035	-0.3742862	0.372339
2222	2222	2222	2222	2222	2222
315	100	6.16973643952	6.14659	-0.3839738	0.371003
2222	2222	2222	2222	2222	2222
316	100	6.17007853763	6.14626	-0.3936323	0.372036
2222	2222	2222	2222	2222	2222
317	100	6.1802431727	6.1556	-0.4033491	0.375904
2222	2222	2222	2222	2222	2222
318	100	6.17170338098	6.14642	-0.41302447	0.375306
2222	2222	2222	2222	2222	2222
319	100	6.16387454317	6.13794	-0.4227792	0.374566
2222	2222	2222	2222	2222	2222
320	100	6.17858160217	6.15175	-0.4328133	0.378834
2222	2222	2222	2222	2222	2222
321	100	6.17552265891	6.14799	-0.442473	0.378836
2222	2222	2222	2222	2222	2222
322	100	6.17958400191	6.15128	-0.4521616	0.380214
2222	2222	2222	2222	2222	2222
323	100	6.1672960791	6.13837	-0.4619533	0.377563
2222	2222	2222	2222	2222	2222
324	100	6.16018318162	6.13057	-0.4717945	0.376003
2222	2222	2222	2222	2222	2222
325	100	6.16740772783	6.13695	-0.4819629	0.377458
2222	2222	2222	2222	2222	2222
326	100	6.16503954866	6.13382	-0.4919604	0.376749
2222	2222	2222	2222	2222	2222
327	100	6.18662856542	6.15439	-0.5027961	0.380858
2222	2222	2222	2222	2222	2222
328	100	6.1795641334	6.14655	-0.5134106	0.37861
2222	2222	2222	2222	2222	2222
329	100	6.19727500502	6.16329	-0.524285	0.38105
2222	2222	2222	2222	2222	2222
330	100	6.19804827338	6.16315	-0.535939	0.379676
2222	2222	2222	2222	2222	2222
331	100	6.19875351466	6.16293	-0.547524	0.378228
2222	2222	2222	2222	2222	2222
332	100	6.20223526945	6.16541	-0.559565	0.377265
2222	2222	2222	2222	2222	2222
333	100	6.21272748983	6.17481	-0.572042	0.377455
2222	2222	2222	2222	2222	2222
334	100	6.20478607673	6.16594	-0.583777	0.373843
2222	2222	2222	2222	2222	2222
335	100	6.19816216123	6.15832	-0.59585	0.370502
2222	2222	2222	2222	2222	2222
336	100	6.20232614145	6.16137	-0.608425	0.369037
2222	2222	2222	2222	2222	2222
337	100	6.20578529468	6.16362	-0.621183	0.368363
2222	2222	2222	2222	2222	2222
338	100	6.20645814064	6.16314	-0.633602	0.366574
2222	2222	2222	2222	2222	2222
339	100	6.22622122502	6.1814	-0.647776	0.369474
2222	2222	2222	2222	2222	2222
340	100	6.22432480588	6.17822	-0.661051	0.36719
2222	2222	2222	2222	2222	2222
341	100	6.22477362105	6.17731	-0.674171	0.366253
2222	2222	2222	2222	2222	2222
342	100	6.22976834129	6.18084	-0.687527	0.366793
2222	2222	2222	2222	2222	2222
343	100	6.2431941818	6.1927	-0.701115	0.369294
2222	2222	2222	2222	2222	2222
344	100	6.23835343276	6.18646	-0.713677	0.36801
2222	2222	2222	2222	2222	2222
345	100	6.25378440641	6.20024	-0.72715	0.371613
2222	2222	2222	2222	2222	2222
346	100	6.26035378732	6.20519	-0.740237	0.373759
2222	2222	2222	2222	2222	2222
347	100	6.26551069264	6.20874	-0.752812	0.376093
2222	2222	2222	2222	2222	2222
348	100	6.25515431856	6.19705	-0.76354	0.374878
2222	2222	2222	2222	2222	2222
349	100	6.23609078354	6.17678	-0.773137	0.372124
2222	2222	2222	2222	2222	2222
350	100	6.25826788298	6.19715	-0.786229	0.378276
2222	2222	2222	2222	2222	2222
351	100	6.24256688919	6.18019	-0.795865	0.376154
2222	2222	2222	2222	2222	2222
352	100	6.23809482068	6.1743	-0.806188	0.376706
2222	2222	2222	2222	2222	2222
353	100	6.24038601073	6.17506	-0.817016	0.378862
2222	2222	2222	2222	2222	2222
354	100	6.24085266391	6.17412	-0.827255	0.379649
2222	2222	2222	2222	2222	2222
355	100	6.2729970252	6.20431	-0.840884	0.387225
2222	2222	2222	2222	2222	2222
356	100	6.29084417528	6.22046	-0.852966	0.391212
2222	2222	2222	2222	2222	2222
357	100	6.28328180001	6.21179	-0.861236	0.389317
2222	2222	2222	2222	2222	2222
358	100	6.27402202687	6.20134	-0.870003	0.387078
2222	2222	2222	2222	2222	2222
359	100	6.26449821486	6.19072	-0.878065	0.384611
2222	2222	2222	2222	2222	2222
360	100	6.26659476434	6.1915	-0.887599	0.384325
2222	2222	2222	2222	2222	2222
361	100	6.25182722254	6.17566	-0.895536	0.38024
2222	2222	2222	2222	2222	2222
362	100	6.2698789189	6.1921	-0.907136	0.382601
2222	2222	2222	2222	2222	2222
363	100	6.26780458521	6.18874	-0.916523	0.380601
2222	2222	2222	2222	2222	2222
364	100	6.25085815573	6.17082	-0.92381	0.375211
2222	2222	2222	2222	2222	2222
365	100	6.26849806124	6.1869	-0.934811	0.377445
2222	2222	2222	2222	2222	2222
366	100	6.25705109685	6.1743	-0.942853	0.373813
2222	2222	2222	2222	2222	2222
367	100	6.27087249985	6.18654	-0.953779	0.375327
2222	2222	2222	2222	2222	2222
368	100	6.28659351885	6.20064	-0.965084	0.376742
2222	2222	2222	2222	2222	2222
369	100	6.27505929918	6.18793	-0.972939	0.373204
2222	2222	2222	2222	2222	2222
370	100	6.26946748967	6.18105	-0.981555	0.370666
2222	2222	2222	2222	2222	2222
371	100	6.25796948349	6.16835	-0.98938	0.367107
2222	2222	2222	2222	2222	2222
372	100	6.25022942604	6.15933	-0.997806	0.363875
2222	2222	2222	2222	2222	2222
373	100	6.26093761426	6.1684	-1.008645	0.36444
2222	2222	2222	2222	2222	2222
374	100	6.26009774386	6.16612	-1.017961	0.362689
2222	2222	2222	2222	2222	2222
375	100	6.26376279742	6.16818	-1.0283	0.361772
2222	2222	2222	2222	2222	2222
376	100	6.24554584631	6.14882	-1.035587	0.355549
2222	2222	2222	2222	2222	2222
377	100	6.23820906591	6.14002	-1.044839	0.351736
2222	2222	2222	2222	2222	2222
378	100	6.24370330927	6.14374	-1.056226	0.350252
2222	2222	2222	2222	2222	2222
379	100	6.25617841491	6.15423	-1.068858	0.350377
2222	2222	2222	2222	2222	2222
380	100	6.24629648545	6.14282	-1.078183	0.345693
2222	2222	2222	2222	2222	2222
381	100	6.25809035497	6.15256	-1.091076	0.345331
2222	2222	2222	2222	2222	2222
382	100	6.23994343559	6.13301	-1.09927	0.338656
2222	2222	2222	2222	2222	2222
383	100	6.24944489249	6.1403	-1.112671	0.337995
2222	2222	2222	2222	2222	2222
384	100	6.24766998556	6.13663	-1.123897	0.334676
2222	2222	2222	2222	2222	2222
385	100	6.27242782382	6.15876	-1.139795	0.337481
2222	2222	2222	2222	2222	2222
386	100	6.24923582187	6.13408	-1.147468	0.330648
2222	2222	2222	2222	2222	2222
387	100	6.2651263416	6.14737	-1.162466	0.332149
2222	2222	2222	2222	2222	2222
388	100	6.25408808345	6.13437	-1.172831	0.328009
2222	2222	2222	2222	2222	2222
389	100	6.24163596745	6.11989	-1.183267	0.323798
2222	2222	2222	2222	2222	2222
390	100	6.26672821717	6.14189	-1.200685	0.327758
2222	2222	2222	2222	2222	2222
391	100	6.26012990829	6.133	-1.212501	0.324621
2222	2222	2222	2222	2222	2222
392	100	6.26182293023	6.13209	-1.225874	0.32424
2222	2222	2222	2222	2222	2222
393	100	6.26471949303	6.13227	-1.239675	0.324316
2222	2222	2222	2222	2222	2222
394	100	6.26988353403	6.13461	-1.253982	0.324852
2222	2222	2222	2222	2222	2222
395	100	6.26686700131	6.12903	-1.266392	0.323828
2222	2222	2222	2222	2222	2222
396	100	6.27688686943	6.13601	-1.281671	0.325591
2222	2222	2222	2222	2222	2222
397	100	6.28459040795	6.14076	-1.296078	0.327605
2222	2222	2222	2222	2222	2222
398	100	6.27946941448	6.13313	-1.307711	0.326105
2222	2222	2222	2222	2222	2222
399	100	6.28651386551	6.1372	-1.321976	0.327738
2222	2222	2222	2222	2222	2222
400	100	6.283757209	6.13179	-1.334081	0.327084
2222	2222	2222	2222	2222	2222
401	100	6.27058269066	6.11631	-1.343876	0.32397
2222	2222	2222	2222	2222	2222
402	100	6.27353303444	6.11646	-1.356881	0.324049
2222	2222	2222	2222	2222	2222
403	100	6.28263191853	6.12247	-1.371512	0.325238
2222	2222	2222	2222	2222	2222
404	100	6.294632422	6.13131	-1.386726	0.32623
2222	2222	2222	2222	2222	2222
405	100	6.28972788897	6.12383	-1.398106	0.323547
2222	2222	2222	2222	2222	2222
406	100	6.30622775171	6.13698	-1.414333	0.325034
2222	2222	2222	2222	2222	2222
407	100	6.30217914453	6.13034	-1.425712	0.322085
2222	2222	2222	2222	2222	2222
408	100	6.28463868748	6.11069	-1.434042	0.315713
2222	2222	2222	2222	2222	2222
409	100	6.30889732741	6.13125	-1.452222	0.317821
2222	2222	2222	2222	2222	2222
410	100	6.30533882305	6.125	-1.463862	0.314294
2222	2222	2222	2222	2222	2222
411	100	6.31373777772	6.13025	-1.478312	0.312911
2222	2222	2222	2222	2222	2222
412	100	6.31657979748	6.13015	-1.491402	0.310099
2222	2222	2222	2222	2222	2222
413	100	6.33322418521	6.14331	-1.507772	0.309991
2222	2222	2222	2222	2222	2222
414	100	6.32590664889	6.13337	-1.518412	0.305438
2222	2222	2222	2222	2222	2222
415	100	6.33437246412	6.13852	-1.533182	0.303644
2222	2222	2222	2222	2222	2222
416	100	6.3402472052	6.1411	-1.547432	0.301794
2222	2222	2222	2222	2222	2222
417	100	6.3451844468	6.14273	-1.561472	0.300065
2222	2222	2222	2222	2222	2222
418	100	6.36008426944	6.15378	-1.578372	0.300675
2222	2222	2222	2222	2222	2222
419	100	6.34925176622	6.14034	-1.587842	0.296615
2222	2222	2222	2222	2222	2222
420	100	6.36890971568	6.15597	-1.605532	0.29885
2222	2222	2222	2222	2222	2222
421	100	6.38630682683	6.16938	-1.622552	0.301646
2222	2222	2222	2222	2222	2222
422	100	6.37772848892	6.158	-1.632452	0.299261
2222	2222	2222	2222	2222	2222
423	100	6.40624185201	6.18191	-1.652512	0.305168
2222	2222	2222	2222	2222	2222
424	100	6.39917169675	6.17188	-1.662732	0.304332
2222	2222	2222	2222	2222	2222
425	100	6.39283908451	6.16254	-1.673072	0.303846
2222	2222	2222	2222	2222	2222
426	100	6.37276817332	6.14015	-1.679342	0.300903
2222	2222	2222	2222	2222	2222
427	100	6.39777597768	6.16055	-1.698472	0.307171
2222	2222	2222	2222	2222	2222
428	100	6.42032284614	6.17862	-1.716812	0.312661
2222	2222	2222	2222	2222	2222
429	100	6.3996121531	6.15572	-1.722192	0.310164
2222	2222	2222	2222	2222	2222
430	100	6.41093063409	6.16317	-1.736972	0.313521
2222	2222	2222	2222	2222	2222
431	100	6.40946295893	6.15856	-1.747732	0.314304
2222	2222	2222	2222	2222	2222
432	100	6.42236360415	6.16753	-1.762692	0.31819
2222	2222	2222	2222	2222	2222
433	100	6.42577638197	6.16748	-1.774862	0.320402
2222	2222	2222	2222	2222	2222
434	100	6.45084409079	6.1879	-1.793492	0.326603
2222	2222	2222	2222	2222	2222
435	100	6.43796684494	6.17256	-1.800372	0.324932
2222	2222	2222	2222	2222	2222
436	100	6.44494724371	6.17587	-1.813562	0.327059
2222	2222	2222	2222	2222	2222
437	100	6.43350015071	6.16196	-1.820522	0.325381
2222	2222	2222	2222	2222	2222
438	100	6.44294747378	6.16773	-1.833932	0.327677
2222	2222	2222	2222	2222	2222
439	100	6.4527081532	6.17383	-1.847422	0.329086
2222	2222	2222	2222	2222	2222
440	100	6.4362657642	6.1553	-1.852562	0.325289
2222	2222	2222	2222	2222	2222
441	100	6.4404185637	6.15628	-1.863702	0.325304
2222	2222	2222	2222	2222	2222
442	100	6.46670685825	6.17788	-1.882452	0.329349
2222	2222	2222	2222	2222	2222
443	100	6.4603634475	6.16889	-1.890682	0.326211
2222	2222	2222	2222	2222	2222
444	100	6.46955465597	6.17448	-1.903792	0.326359
2222	2222	2222	2222	2222	2222
445	100	6.45516670086	6.15794	-1.909332	0.321564
2222	2222	2222	2222	2222	2222
446	100	6.46843086353	6.16724	-1.924182	0.32136
2222	2222	2222	2222	2222	2222
447	100	6.46054354416	6.15675	-1.931892	0.317562
2222	2222	2222	2222	2222	2222
448	100	6.45578123589	6.14923	-1.940592	0.313344
2222	2222	2222	2222	2222	2222
449	100	6.48088679117	6.16943	-1.959772	0.315152
2222	2222	2222	2222	2222	2222
450	100	6.46281326132	6.14949	-1.963842	0.308306
2222	2222	2222	2222	2222	2222
451	100	6.47696426174	6.15936	-1.979612	0.307387
2222	2222	2222	2222	2222	2222
452	100	6.48761536634	6.1659	-1.994402	0.305272
2222	2222	2222	2222	2222	2222
453	100	6.47609762961	6.1517	-2.001752	0.299026
2222	2222	2222	2222	2222	2222
454	100	6.47518940166	6.14735	-2.012802	0.294608
2222	2222	2222	2222	2222	2222
455	100	6.46931231322	6.13834	-2.022172	0.289144
2222	2222	2222	2222	2222	2222
456	100	6.46678839546	6.13238	-2.032832	0.284362
2222	2222	2222	2222	2222	2222
457	100	6.48907581929	6.1493	-2.052682	0.284097
2222	2222	2222	2222	2222	2222
458	100	6.50218304371	6.15793	-2.068492	0.282176
2222	2222	2222	2222	2222	2222
459	100	6.50158510651	6.15389	-2.079182	0.277937
2222	2222	2222	2222	2222	2222
460	100	6.51786509182	6.16527	-2.096432	0.27746
2222	2222	2222	2222	2222	2222
461	100	6.5068184148	6.15141	-2.103472	0.272482
2222	2222	2222	2222	2222	2222
462	100	6.50819523694	6.14891	-2.115252	0.270592
2222	2222	2222	2222	2222	2222
463	100	6.52383971159	6.15949	-2.132522	0.271141
2222	2222	2222	2222	2222	2222
464	100	6.51866107456	6.15072	-2.142292	0.268646
2222	2222	2222	2222	2222	2222
465	100	6.52921301631	6.15644	-2.157802	0.26974
2222	2222	2222	2222	2222	2222
466	100	6.50448030849	6.12987	-2.159392	0.264545
2222	2222	2222	2222	2222	2222
467	100	6.51738168514	6.13772	-2.175612	0.267151
2222	2222	2222	2222	2222	2222
468	100	6.50775531017	6.12504	-2.182682	0.265826
2222	2222	2222	2222	2222	2222
469	100	6.52030342238	6.1325	-2.198802	0.268459
2222	2222	2222	2222	2222	2222
470	100	6.53420406766	6.14139	-2.214792	0.27175
2222	2222	2222	2222	2222	2222
471	100	6.54341970886	6.14592	-2.229122	0.273905
2222	2222	2222	2222	2222	2222
472	100	6.54267821073	6.14134	-2.239502	0.274248
2222	2222	2222	2222	2222	2222
473	100	6.54864946599	6.14295	-2.252382	0.275228
2222	2222	2222	2222	2222	2222
474	100	6.55905819058	6.1488	-2.266512	0.276453
2222	2222	2222	2222	2222	2222
475	100	6.57072157301	6.15564	-2.281512	0.277815
2222	2222	2222	2222	2222	2222
476	100	6.52330853534	6.10891	-2.272182	0.268257
2222	2222	2222	2222	2222	2222
477	100	6.54644444087	6.12602	-2.292272	0.270745
2222	2222	2222	2222	2222	2222
478	100	6.54661568855	6.12234	-2.302782	0.268933
2222	2222	2222	2222	2222	2222
479	100	6.55352296764	6.12485	-2.315912	0.267259
2222	2222	2222	2222	2222	2222
480	100	6.56903322706	6.1351	-2.332642	0.267445
2222	2222	2222	2222	2222	2222
481	100	6.56266051851	6.12559	-2.340192	0.262986
2222	2222	2222	2222	2222	2222
482	100	6.55840013211	6.11799	-2.348552	0.259064
2222	2222	2222	2222	2222	2222
483	100	6.58911092573	6.14177	-2.372142	0.260742
2222	2222	2222	2222	2222	2222
484	100	6.58001894828	6.12951	-2.379172	0.255533
2222	2222	2222	2222	2222	2222
485	100	6.59305539642	6.13735	-2.395112	0.254466
2222	2222	2222	2222	2222	2222
486	100	6.59217620179	6.13266	-2.405112	0.250409
2222	2222	2222	2222	2222	2222
487	100	6.60032291719	6.13607	-2.418922	0.248443
2222	2222	2222	2222	2222	2222
488	100	6.60576852031	6.13697	-2.431742	0.24578
2222	2222	2222	2222	2222	2222
489	100	6.6216288881	6.14713	-2.449242	0.244899
2222	2222	2222	2222	2222	2222
490	100	6.62167526136	6.1432	-2.459522	0.24172
2222	2222	2222	2222	2222	2222
491	100	6.62398005715	6.14113	-2.471162	0.238731
2222	2222	2222	2222	2222	2222
492	100	6.63256058096	6.14475	-2.485312	0.236921
2222	2222	2222	2222	2222	2222
493	100	6.64378374716	6.15075	-2.500482	0.236065
2222	2222	2222	2222	2222	2222
494	100	6.65013786672	6.15231	-2.513612	0.234883
2222	2222	2222	2222	2222	2222
495	100	6.64699305696	6.14535	-2.522552	0.23221
2222	2222	2222	2222	2222	2222
496	100	6.65162333882	6.14526	-2.534992	0.231707
2222	2222	2222	2222	2222	2222
497	100	6.66125633878	6.14952	-2.549842	0.232477
2222	2222	2222	2222	2222	2222
498	100	6.68875008245	6.16948	-2.573132	0.236402
2222	2222	2222	2222	2222	2222
499	100	6.67547701779	6.1533	-2.577572	0.234553
2222	2222	2222	2222	2222	2222
500	100	6.68232542042	6.15504	-2.591022	0.235713
2222	2222	2222	2222	2222	2222
501	100	6.66978363798	6.13966	-2.595342	0.23407
2222	2222	2222	2222	2222	2222
502	100	6.6765886648	6.14141	-2.608582	0.234988
2222	2222	2222	2222	2222	2222
503	100	6.68949437543	6.1485	-2.624752	0.236558
2222	2222	2222	2222	2222	2222
504	100	6.69937815285	6.15314	-2.638972	0.237408
2222	2222	2222	2222	2222	2222
505	100	6.72189180937	6.16875	-2.659432	0.240363
2222	2222	2222	2222	2222	2222
506	100	6.71319694847	6.15725	-2.664352	0.237727
2222	2222	2222	2222	2222	2222
507	100	6.70727958401	6.14816	-2.670672	0.23503
2222	2222	2222	2222	2222	2222
508	100	6.72180856491	6.15713	-2.686442	0.235563
2222	2222	2222	2222	2222	2222
509	100	6.73226226393	6.16273	-2.699782	0.235141
2222	2222	2222	2222	2222	2222
510	100	6.71067215908	6.14025	-2.697752	0.229314
2222	2222	2222	2222	2222	2222
511	100	6.74378106809	6.16585	-2.721542	0.232564
2222	2222	2222	2222	2222	2222
512	100	6.74604142023	6.1644	-2.730602	0.230348
2222	2222	2222	2222	2222	2222
513	100	6.73624045831	6.15252	-2.733582	0.225749
2222	2222	2222	2222	2222	2222
514	100	6.75692278063	6.16725	-2.751262	0.227135
2222	2222	2222	2222	2222	2222
515	100	6.74298082004	6.15205	-2.751442	0.222796
2222	2222	2222	2222	2222	2222
516	100	6.75648339982	6.16064	-2.765312	0.222783
2222	2222	2222	2222	2222	2222
517	100	6.76549533154	6.16534	-2.776862	0.222592
2222	2222	2222	2222	2222	2222
518	100	6.77633818256	6.17154	-2.789512	0.222432
2222	2222	2222	2222	2222	2222
519	100	6.75768116699	6.15201	-2.787742	0.217996
2222	2222	2222	2222	2222	2222
520	100	6.75396754951	6.14533	-2.793652	0.215651
2222	2222	2222	2222	2222	2222
521	100	6.76727369806	6.15354	-2.807682	0.216473
2222	2222	2222	2222	2222	2222
522	100	6.76300953046	6.1466	-2.812742	0.214683
2222	2222	2222	2222	2222	2222
523	100	6.79190715296	6.16806	-2.835052	0.217988
2222	2222	2222	2222	2222	2222
524	100	6.78674961614	6.16002	-2.840322	0.21609
2222	2222	2222	2222	2222	2222
525	100	6.77718510515	6.14824	-2.843202	0.213507
2222	2222	2222	2222	2222	2222
526	100	6.77237720769	6.14059	-2.848452	0.211113
2222	2222	2222	2222	2222	2222
527	100	6.78490870445	6.14781	-2.862632	0.211557
2222	2222	2222	2222	2222	2222
528	100	6.78165883607	6.14138	-2.868902	0.209164
2222	2222	2222	2222	2222	2222
529	100	6.80689391909	6.15949	-2.889632	0.210985
2222	2222	2222	2222	2222	2222
530	100	6.7699566502	6.12402	-2.878832	0.20253
2222	2222	2222	2222	2222	2222
531	100	6.79130504626	6.13872	-2.897712	0.202993
2222	2222	2222	2222	2222	2222
532	100	6.88401776389	6.21363	-2.955432	0.2143
2222	2222	2222	2222	2222	2222
533	100	6.8062685563	6.14396	-2.921882	0.19913
2222	2222	2222	2222	2222	2222
534	100	6.78639177855	6.12323	-2.919562	0.193198
2222	2222	2222	2222	2222	2222
535	100	6.79086967483	6.12311	-2.930362	0.190823
2222	2222	2222	2222	2222	2222
536	100	6.78539987744	6.1146	-2.935682	0.187322
2222	2222	2222	2222	2222	2222
537	100	6.82366041566	6.14335	-2.964052	0.189705
2222	2222	2222	2222	2222	2222
538	100	6.82115579156	6.13725	-2.971072	0.187243
2222	2222	2222	2222	2222	2222
539	100	6.79988867072	6.11511	-2.968292	0.182094
2222	2222	2222	2222	2222	2222
540	100	6.83115975528	6.13793	-2.992692	0.185347
2222	2222	2222	2222	2222	2222
541	100	6.84109480778	6.14246	-3.006012	0.186159
2222	2222	2222	2222	2222	2222
542	100	6.83964900548	6.13743	-3.013042	0.185282
2222	2222	2222	2222	2222	2222
543	100	6.86755002627	6.15742	-3.035382	0.189416
2222	2222	2222	2222	2222	2222
544	100	6.83515660233	6.1264	-3.025302	0.184761
2222	2222	2222	2222	2222	2222
545	100	6.82659413376	6.11567	-3.027722	0.184031
2222	2222	2222	2222	2222	2222
546	100	6.85431902307	6.13576	-3.049342	0.188817
2222	2222	2222	2222	2222	2222
547	100	6.8433921462	6.12329	-3.049932	0.187751
2222	2222	2222	2222	2222	2222
548	100	6.8629451523	6.13688	-3.066282	0.191402
2222	2222	2222	2222	2222	2222
549	100	6.85562191187	6.12784	-3.068002	0.19103
2222	2222	2222	2222	2222	2222
550	100	6.87532496753	6.14164	-3.084232	0.194588
2222	2222	2222	2222	2222	2222
551	100	6.89055256463	6.1521	-3.097202	0.196774
2222	2222	2222	2222	2222	2222
552	100	6.88817977446	6.14777	-3.100562	0.196112
2222	2222	2222	2222	2222	2222
553	100	6.8731305498	6.13322	-3.096142	0.193496
2222	2222	2222	2222	2222	2222
554	100	6.86965573836	6.1284	-3.098072	0.19192
2222	2222	2222	2222	2222	2222
555	100	6.89725669503	6.14971	-3.116892	0.195451
2222	2222	2222	2222	2222	2222
556	100	6.88375284035	6.13655	-3.113182	0.192107
2222	2222	2222	2222	2222	2222
557	100	6.91161274344	6.15819	-3.131972	0.19452
2222	2222	2222	2222	2222	2222
558	100	6.91278698452	6.15753	-3.135952	0.193011
2222	2222	2222	2222	2222	2222
559	100	6.91865450411	6.16101	-3.142152	0.191355
2222	2222	2222	2222	2222	2222
560	100	6.92104872775	6.16129	-3.147012	0.189041
2222	2222	2222	2222	2222	2222
561	100	6.92793934875	6.16557	-3.153892	0.187231
2222	2222	2222	2222	2222	2222
562	100	6.95587029797	6.18728	-3.172712	0.18867
2222	2222	2222	2222	2222	2222
563	100	6.9412024211	6.17347	-3.167812	0.183102
2222	2222	2222	2222	2222	2222
564	100	6.96775740039	6.19396	-3.186012	0.18393
2222	2222	2222	2222	2222	2222
565	100	6.97309949944	6.19684	-3.192242	0.181333
2222	2222	2222	2222	2222	2222
566	100	6.98207542201	6.20261	-3.200772	0.179067
2222	2222	2222	2222	2222	2222
2222	2222	2222	2222	2222	2222
2222	2222	2222	2222	2222	2222
2222	2222	2222	2222	2222	2222
2222	2222	2222	2222	2222	2222
2222	2222	2222	2222	2222	2222
2222	2222	2222	2222	2222	2222
2222	2222	2222	2222	2222	2222
2222	2222	2222	2222	2222	2222
2222	2222	2222	2222	2222	2222
2222	2222	2222	2222	2222	2222
2222	2222	2222	2222	2222	2222
2222	2222	2222	2222	2222	2222
2222	2222	2222	2222	2222	2222
2222	2222	2222	2222	2222	2222
2222	2222	2222	2222	2222	2222
2222	2222	2222	2222	2222	2222
2222	2222	2222	2222	2222	2222
2222	2222	2222	2222	2222	2222
2222	2222	2222	2222	2222	2222
2222	2222	2222	2222	2222	2222
2222	2222	2222	2222	2222	2222
2222	2222	2222	2222	2222	2222
2222	2222	2222	2222	2222	2222
2222	2222	2222	2222	2222	2222
2222	2222	2222	2222	2222	2222
2222	2222	2222	2222	2222	2222
2222	2222	2222	2222	2222	2222
2222	2222	2222	2222	2222	2222
2222	2222	2222	2222	2222	2222
2222	2222	2222	2222	2222	2222
2222	2222	2222	2222	2222	2222
2222	2222	2222	2222	2222	2222
2222	2222	2222	2222	2222	2222
2222	2222	2222	2222	2222	2222
2222	2222	2222	2222	2222	2222
2222	2222	2222	2222	2222	2222
2222	2222	2222	2222	2222	2222
2222	2222	2222	2222	2222	2222
2222	2222	2222	2222	2222	2222
2222	2222	2222	2222	2222	2222
2222	2222	2222	2222	2222	2222
2222	2222	2222	2222	2222	2222
2222	2222	2222	2222	2222	2222
2222	2222	2222	2222	2222	2222
2222	2222	2222	2222	2222	2222
2222	2222	2222	2222	2222	2222
2222	2222	2222	2222	2222	2222
2222	2222	2222	2222	2222	2222
2222	2222	2222	2222	2222	2222
616	100	7.46410562216	6.64423	-3.396972	0.166318
2222	2222	2222	2222	2222	2222
